VEHICLE_ID,EVENT_NO_TRIP,EVENT_NO_STOP,ACT_TIME,GPS_LATITUDE,GPS_LONGITUDE,METERS,OPD_DATE,GPS_SATELLITES,GPS_HDOP
3232,244351117,244351122,30270,45.581878,-122.724508,98641,24JAN2023:00:00:00,12.0,0.9
3232,244351117,244351174,32903,45.492315,-122.673052,113050,24JAN2023:00:00:00,12.0,0.8
3232,244351117,244351177,33048,45.484742,-122.675113,113933,24JAN2023:00:00:00,12.0,0.7
3232,244351226,244351231,36465,45.363945,-122.610517,134476,24JAN2023:00:00:00,11.0,1.1
3232,244351334,244351397,45180,45.477372,-122.672255,184477,24JAN2023:00:00:00,12.0,0.7
3232,244351448,244351459,48660,45.377547,-122.633885,206557,24JAN2023:00:00:00,12.0,0.8
3232,244351334,244351401,45385,45.467482,-122.670262,185594,24JAN2023:00:00:00,11.0,0.8
3232,244351448,244351518,51617,45.528712,-122.665875,226922,24JAN2023:00:00:00,10.0,0.8
3232,244351448,244351519,51712,45.530475,-122.66805,227215,24JAN2023:00:00:00,9.0,1.0
3232,244351448,244351525,52073,45.55711,-122.693242,230949,24JAN2023:00:00:00,12.0,0.8
3232,244351552,244351591,55616,45.521633,-122.67608,248580,24JAN2023:00:00:00,11.0,1.1
3232,244351552,244351598,56240,45.51075,-122.681793,249857,24JAN2023:00:00:00,10.0,0.8
3232,244351668,244351682,60790,45.379335,-122.635978,276459,24JAN2023:00:00:00,12.0,0.7
3232,244351552,244351591,55656,45.51993,-122.677078,248784,24JAN2023:00:00:00,12.0,1.0
3232,244351668,244351691,61103,45.403025,-122.658632,279615,24JAN2023:00:00:00,12.0,0.7
3232,244351668,244351689,61043,45.399602,-122.654767,279135,24JAN2023:00:00:00,12.0,0.7
3232,244351772,244351806,67392,45.532375,-122.671435,316421,24JAN2023:00:00:00,12.0,0.7
3232,244351772,244351809,67602,45.52546,-122.675472,317809,24JAN2023:00:00:00,12.0,1.0
3232,244351668,244351738,63808,45.530978,-122.669172,296968,24JAN2023:00:00:00,12.0,0.8
3232,244351772,244351806,67367,45.535565,-122.67411,316013,24JAN2023:00:00:00,12.0,1.1
4033,244247335,244247393,22616,45.533833,-122.622835,18556,24JAN2023:00:00:00,11.0,1.1
4033,244247335,244247388,22366,45.523078,-122.622972,17342,24JAN2023:00:00:00,11.0,1.0
3232,244351772,244351803,67165,45.55178,-122.689728,313688,24JAN2023:00:00:00,12.0,0.8
4033,244247335,244247389,22436,45.52392,-122.622957,17437,24JAN2023:00:00:00,10.0,1.3
3232,244351772,244351806,67397,45.53198,-122.670977,316477,24JAN2023:00:00:00,12.0,0.8
4033,244247335,244247394,22621,45.533892,-122.622537,18584,24JAN2023:00:00:00,12.0,0.9
3232,244351668,244351737,63668,45.525842,-122.670717,296025,24JAN2023:00:00:00,12.0,0.9
3232,244351668,244351739,63883,45.537023,-122.67445,297760,24JAN2023:00:00:00,12.0,0.9
3232,244351668,244351739,63873,45.536603,-122.674422,297714,24JAN2023:00:00:00,12.0,0.8
4033,244247458,244247487,27800,45.577087,-122.682415,44689,24JAN2023:00:00:00,8.0,0.9
4033,244247458,244247495,28333,45.575158,-122.637895,48691,24JAN2023:00:00:00,8.0,0.9
4033,244247335,244247400,22961,45.545443,-122.620818,20287,24JAN2023:00:00:00,10.0,1.0
4033,244247581,244247665,36563,45.570543,-122.612708,87474,24JAN2023:00:00:00,11.0,1.8
4033,244247458,244247494,28258,45.578473,-122.652475,47496,24JAN2023:00:00:00,9.0,0.9
4033,244247712,244247769,43684,45.543965,-122.621872,118066,24JAN2023:00:00:00,12.0,0.7
4033,244247712,244247770,43774,45.541097,-122.619937,118479,24JAN2023:00:00:00,12.0,0.7
4033,244247581,244247666,36608,45.570913,-122.615478,87692,24JAN2023:00:00:00,11.0,0.9
4033,244247712,244247772,43849,45.537398,-122.619965,118887,24JAN2023:00:00:00,11.0,0.9
4033,244247581,244247584,33381,45.445543,-122.641248,69226,24JAN2023:00:00:00,12.0,0.7
4033,244247712,244247771,43809,45.538077,-122.619982,118812,24JAN2023:00:00:00,12.0,0.9
4033,244247581,244247672,36742,45.576277,-122.642368,89871,24JAN2023:00:00:00,11.0,0.8
4033,244247458,244247564,31385,45.462038,-122.626023,66011,24JAN2023:00:00:00,8.0,1.0
4033,244247839,244247931,50433,45.557063,-122.620425,147974,24JAN2023:00:00:00,11.0,0.9
4033,244247839,244247933,50482,45.561135,-122.620417,148426,24JAN2023:00:00:00,12.0,0.9
4033,244247839,244247936,50647,45.570688,-122.616337,149691,24JAN2023:00:00:00,12.0,0.8
4033,244247993,244248098,59469,45.530708,-122.623063,183133,24JAN2023:00:00:00,10.0,0.9
4033,244247993,244248099,59534,45.526505,-122.623487,183603,24JAN2023:00:00:00,10.0,0.9
4033,244247993,244248112,59824,45.514558,-122.62298,184943,24JAN2023:00:00:00,10.0,0.9
4033,244247993,244248124,60169,45.503118,-122.622703,186203,24JAN2023:00:00:00,11.0,1.0
4033,244248167,244248290,68645,45.586837,-122.737842,224291,24JAN2023:00:00:00,12.0,0.7
4033,244248167,244248291,68699,45.587808,-122.742015,224634,24JAN2023:00:00:00,12.0,0.7
4033,244248167,244248294,68796,45.589122,-122.751172,225391,24JAN2023:00:00:00,12.0,1.0
4033,244247712,244247773,43929,45.535283,-122.619988,119122,24JAN2023:00:00:00,12.0,0.8
4033,244247712,244247776,44099,45.533742,-122.621173,119548,24JAN2023:00:00:00,12.0,0.7
4033,244248167,244248295,68831,45.589635,-122.753038,225551,24JAN2023:00:00:00,12.0,0.7
4033,244248167,244248295,68866,45.5907,-122.755407,225770,24JAN2023:00:00:00,12.0,0.8
4033,244248167,244248296,68896,45.59248,-122.7571,226014,24JAN2023:00:00:00,12.0,0.7
4033,244248469,244248521,79873,45.512392,-122.622808,268774,24JAN2023:00:00:00,12.0,0.7
4033,244248469,244248522,79898,45.514522,-122.622875,269011,24JAN2023:00:00:00,12.0,0.7
4033,244248469,244248522,79908,45.515353,-122.622897,269103,24JAN2023:00:00:00,12.0,0.8
4033,244248469,244248528,80087,45.525633,-122.622963,270244,24JAN2023:00:00:00,12.0,0.7
4033,244248469,244248534,80367,45.534892,-122.620318,271578,24JAN2023:00:00:00,12.0,0.7
4033,244247335,244247403,23031,45.548798,-122.620347,20674,24JAN2023:00:00:00,11.0,1.3
4033,244247335,244247404,23036,45.54929,-122.620363,20728,24JAN2023:00:00:00,10.0,1.0
4033,244247335,244247410,23201,45.559128,-122.620413,21823,24JAN2023:00:00:00,12.0,0.8
4033,244247335,244247417,23437,45.572262,-122.62279,24201,24JAN2023:00:00:00,12.0,0.7
4033,244247335,244247413,23291,45.56718,-122.620425,22707,24JAN2023:00:00:00,11.0,0.9
4033,244247458,244247503,28578,45.569998,-122.608927,51009,24JAN2023:00:00:00,12.0,0.8
4033,244247458,244247506,28693,45.570363,-122.614508,51494,24JAN2023:00:00:00,12.0,0.8
4033,244247335,244247415,23391,45.570792,-122.61443,23528,24JAN2023:00:00:00,12.0,0.7
4033,244247581,244247592,33651,45.455725,-122.629968,71188,24JAN2023:00:00:00,12.0,0.7
4033,244247458,244247505,28663,45.570585,-122.613518,51402,24JAN2023:00:00:00,12.0,0.8
4033,244247458,244247510,28958,45.55985,-122.62043,53056,24JAN2023:00:00:00,12.0,1.0
4033,244247581,244247591,33635,45.454507,-122.629938,71052,24JAN2023:00:00:00,12.0,0.7
4033,244247581,244247685,37439,45.57718,-122.694735,94447,24JAN2023:00:00:00,12.0,0.8
4033,244247458,244247500,28442,45.570795,-122.615558,50487,24JAN2023:00:00:00,8.0,0.9
4033,244247581,244247682,37354,45.577202,-122.6865,93802,24JAN2023:00:00:00,12.0,0.8
4033,244247581,244247684,37424,45.577172,-122.69236,94262,24JAN2023:00:00:00,12.0,0.8
4033,244247458,244247511,29058,45.555737,-122.620432,53512,24JAN2023:00:00:00,11.0,0.9
4033,244247581,244247679,37159,45.577267,-122.673245,92771,24JAN2023:00:00:00,12.0,0.8
4033,244247712,244247785,44543,45.516757,-122.623038,121593,24JAN2023:00:00:00,12.0,0.8
4033,244247712,244247791,44864,45.505345,-122.622722,122857,24JAN2023:00:00:00,12.0,0.8
4033,244247839,244247940,50802,45.573028,-122.626845,150902,24JAN2023:00:00:00,12.0,0.8
4033,244247839,244247941,50832,45.573488,-122.629405,151111,24JAN2023:00:00:00,12.0,0.8
4033,244247839,244247941,50837,45.573678,-122.630328,151187,24JAN2023:00:00:00,11.0,0.9
4033,244247839,244247941,50872,45.575072,-122.636935,151724,24JAN2023:00:00:00,12.0,0.8
4033,244247839,244247943,50887,45.575617,-122.639512,151935,24JAN2023:00:00:00,12.0,0.8
4033,244247839,244247943,50892,45.575828,-122.640428,152012,24JAN2023:00:00:00,12.0,0.8
4033,244247712,244247788,44723,45.512903,-122.622997,122018,24JAN2023:00:00:00,12.0,1.2
4033,244247581,244247687,37564,45.577187,-122.704818,95234,24JAN2023:00:00:00,12.0,0.8
4033,244247581,244247686,37518,45.577193,-122.702222,95025,24JAN2023:00:00:00,12.0,0.8
4033,244247581,244247691,37754,45.581203,-122.72047,96550,24JAN2023:00:00:00,12.0,0.8
3232,244350890,244350908,17112,45.578787,-122.726873,27624,24JAN2023:00:00:00,11.0,0.9
3232,244351018,244351060,26847,45.473713,-122.671487,80189,24JAN2023:00:00:00,8.0,0.9
3232,244351018,244351065,27127,45.493447,-122.672932,82444,24JAN2023:00:00:00,11.0,0.8
3232,244350911,244350926,18753,45.583982,-122.700702,30914,24JAN2023:00:00:00,12.0,0.8
3232,244351226,244351258,37282,45.421098,-122.66757,142836,24JAN2023:00:00:00,12.0,0.8
3232,244351226,244351320,40138,45.584043,-122.708097,165227,24JAN2023:00:00:00,12.0,0.7
3232,244351448,244351471,48965,45.406775,-122.660012,210406,24JAN2023:00:00:00,12.0,0.8
3232,244351117,244351137,30834,45.57798,-122.697328,101563,24JAN2023:00:00:00,11.0,0.9
3232,244350911,244350988,21626,45.417295,-122.66347,52953,24JAN2023:00:00:00,12.0,0.7
3232,244351117,244351150,31506,45.543548,-122.677283,106038,24JAN2023:00:00:00,11.0,0.9
3232,244351448,244351472,49005,45.410423,-122.664098,211012,24JAN2023:00:00:00,12.0,0.8
3232,244351117,244351156,31740,45.526658,-122.674875,108617,24JAN2023:00:00:00,9.0,1.2
3232,244351117,244351211,34425,45.381462,-122.637357,127404,24JAN2023:00:00:00,12.0,0.7
3232,244351226,244351262,37462,45.423543,-122.661195,143874,24JAN2023:00:00:00,12.0,0.7
3232,244351018,244351075,27674,45.51557,-122.680523,85438,24JAN2023:00:00:00,11.0,1.0
3232,244351018,244351077,27794,45.519652,-122.67832,85913,24JAN2023:00:00:00,10.0,0.8
3232,244351117,244351155,31695,45.52744,-122.669708,108196,24JAN2023:00:00:00,8.0,1.1
3232,244351448,244351482,49513,45.423983,-122.660898,213613,24JAN2023:00:00:00,10.0,0.9
3232,244351334,244351426,46376,45.394192,-122.64911,195422,24JAN2023:00:00:00,10.0,0.9
3232,244351668,244351700,61582,45.419563,-122.66621,282470,24JAN2023:00:00:00,12.0,0.8
3232,244351334,244351426,46366,45.395177,-122.650187,195281,24JAN2023:00:00:00,10.0,0.9
3232,244351448,244351530,52472,45.576617,-122.695495,233131,24JAN2023:00:00:00,12.0,0.8
3232,244351552,244351615,57181,45.477905,-122.672415,254072,24JAN2023:00:00:00,12.0,0.7
3232,244351334,244351356,42581,45.574327,-122.69554,171790,24JAN2023:00:00:00,12.0,0.7
3232,244351334,244351359,42681,45.565142,-122.69563,172800,24JAN2023:00:00:00,12.0,0.7
3232,244351334,244351359,42696,45.563282,-122.695653,173004,24JAN2023:00:00:00,12.0,0.8
3232,244351334,244351418,46076,45.413832,-122.664238,192752,24JAN2023:00:00:00,12.0,0.7
3232,244351334,244351421,46241,45.40568,-122.660093,193873,24JAN2023:00:00:00,12.0,0.8
3232,244351668,244351700,61587,45.419493,-122.665512,282524,24JAN2023:00:00:00,12.0,0.8
3232,244351668,244351706,61812,45.43869,-122.652822,285031,24JAN2023:00:00:00,11.0,1.1
3232,244351772,244351812,67752,45.51997,-122.676942,318430,24JAN2023:00:00:00,12.0,0.8
3232,244351772,244351815,67966,45.51243,-122.680972,319316,24JAN2023:00:00:00,11.0,0.8
3232,244351772,244351818,68304,45.505003,-122.67388,320598,24JAN2023:00:00:00,11.0,0.8
3232,244351872,244351921,74113,45.493135,-122.672937,360904,24JAN2023:00:00:00,9.0,1.1
3232,244351978,244351979,76925,45.573987,-122.704442,378193,24JAN2023:00:00:00,12.0,0.7
3232,244351448,244351543,52870,45.584105,-122.717318,235602,24JAN2023:00:00:00,12.0,0.8
3232,244351552,244351553,53887,45.576518,-122.730165,237148,24JAN2023:00:00:00,12.0,0.8
3232,244351552,244351553,53922,45.576785,-122.728572,237356,24JAN2023:00:00:00,12.0,0.8
3232,244351552,244351553,53877,45.576155,-122.729235,237067,24JAN2023:00:00:00,12.0,0.8
3232,244351552,244351625,57655,45.436492,-122.653197,258975,24JAN2023:00:00:00,11.0,0.7
3232,244351552,244351626,57695,45.430527,-122.656197,259673,24JAN2023:00:00:00,12.0,0.9
3232,244351668,244351710,62018,45.46763,-122.670228,288535,24JAN2023:00:00:00,11.0,0.9
3232,244351772,244351822,68459,45.495235,-122.671987,321701,24JAN2023:00:00:00,11.0,0.7
3232,244351772,244351826,68609,45.48596,-122.675595,322814,24JAN2023:00:00:00,12.0,0.7
3232,244351772,244351827,68654,45.4842,-122.674832,323016,24JAN2023:00:00:00,12.0,0.8
3232,244351772,244351830,68812,45.473595,-122.671653,324200,24JAN2023:00:00:00,12.0,0.7
3232,244351872,244351873,72339,45.366047,-122.599535,342342,24JAN2023:00:00:00,12.0,0.9
3232,244351872,244351874,72444,45.366022,-122.61286,343570,24JAN2023:00:00:00,12.0,0.7
3232,244351872,244351929,74472,45.510497,-122.68067,363220,24JAN2023:00:00:00,12.0,1.7
3232,244351978,244351980,77065,45.569892,-122.685593,379879,24JAN2023:00:00:00,12.0,0.7
3232,244351226,244351289,38634,45.511793,-122.6826,154691,24JAN2023:00:00:00,12.0,0.9
3232,244351334,244351441,46854,45.364317,-122.610968,199930,24JAN2023:00:00:00,10.0,1.0
3232,244351448,244351494,50067,45.484182,-122.674637,220756,24JAN2023:00:00:00,12.0,0.9
3232,244351448,244351500,50362,45.503808,-122.678165,223186,24JAN2023:00:00:00,12.0,0.8
3232,244351448,244351501,50427,45.506612,-122.678663,223526,24JAN2023:00:00:00,11.0,1.2
3232,244351552,244351565,54212,45.584005,-122.707257,239500,24JAN2023:00:00:00,12.0,0.7
3232,244351552,244351569,54343,45.582572,-122.697222,240425,24JAN2023:00:00:00,12.0,0.8
3232,244351552,244351575,54561,45.570602,-122.69557,241852,24JAN2023:00:00:00,12.0,0.7
3232,244351552,244351638,58220,45.406808,-122.660078,263394,24JAN2023:00:00:00,12.0,0.7
3232,244350890,244350895,15537,45.528388,-122.839565,2827,24JAN2023:00:00:00,11.0,0.8
3232,244351552,244351562,54122,45.584028,-122.713853,238993,24JAN2023:00:00:00,12.0,0.7
3232,244350890,244350895,15597,45.528892,-122.833735,3511,24JAN2023:00:00:00,11.0,0.8
3232,244350890,244350896,15787,45.508145,-122.777953,8408,24JAN2023:00:00:00,11.0,0.8
3232,244350911,244350934,18963,45.576512,-122.695472,32115,24JAN2023:00:00:00,12.0,0.7
3232,244350911,244350936,19068,45.568042,-122.695592,33048,24JAN2023:00:00:00,12.0,0.7
3232,244350911,244350997,21835,45.396137,-122.651257,55731,24JAN2023:00:00:00,12.0,0.7
3232,244351018,244351084,28291,45.533917,-122.672627,88374,24JAN2023:00:00:00,11.0,0.8
3232,244351448,244351504,50678,45.510407,-122.680303,224068,24JAN2023:00:00:00,11.0,1.8
3232,244351448,244351507,50873,45.513947,-122.681335,224618,24JAN2023:00:00:00,12.0,0.9
3232,244351448,244351516,51442,45.524477,-122.676442,225840,24JAN2023:00:00:00,12.0,1.0
3232,244351448,244351518,51548,45.525295,-122.67166,226280,24JAN2023:00:00:00,11.0,1.1
3232,244351552,244351584,55055,45.532862,-122.671925,246712,24JAN2023:00:00:00,10.0,0.8
3232,244351552,244351586,55130,45.528775,-122.667183,247305,24JAN2023:00:00:00,12.0,0.7
3232,244351668,244351722,62597,45.504608,-122.67869,292959,24JAN2023:00:00:00,12.0,0.8
3232,244351668,244351730,63232,45.517573,-122.679468,294689,24JAN2023:00:00:00,10.0,1.2
3232,244351772,244351782,66425,45.584093,-122.715618,308511,24JAN2023:00:00:00,12.0,0.8
3232,244351872,244351944,75622,45.52995,-122.666907,366230,24JAN2023:00:00:00,12.0,1.0
3232,244351872,244351948,75847,45.550002,-122.687462,369163,24JAN2023:00:00:00,12.0,0.9
3232,244351872,244351948,75897,45.5561,-122.692797,369957,24JAN2023:00:00:00,12.0,0.7
3232,244351018,244351101,28981,45.58405,-122.700335,94919,24JAN2023:00:00:00,12.0,0.7
3232,244351018,244351103,29006,45.584035,-122.703603,95171,24JAN2023:00:00:00,12.0,0.8
3232,244351018,244351104,29031,45.584048,-122.706755,95413,24JAN2023:00:00:00,12.0,0.7
3232,244351117,244351167,32539,45.507325,-122.676183,111160,24JAN2023:00:00:00,10.0,1.0
3232,244351334,244351380,44241,45.510922,-122.681785,180187,24JAN2023:00:00:00,12.0,1.8
3232,244351334,244351381,44341,45.510027,-122.678877,180445,24JAN2023:00:00:00,12.0,0.8
3232,244351334,244351383,44441,45.50736,-122.676233,180854,24JAN2023:00:00:00,10.0,0.7
3232,244351772,244351790,66610,45.583967,-122.697422,309910,24JAN2023:00:00:00,12.0,0.8
3232,244351772,244351791,66630,45.583765,-122.697153,309951,24JAN2023:00:00:00,12.0,1.0
3232,244351772,244351858,70026,45.386655,-122.640993,335759,24JAN2023:00:00:00,12.0,0.8
3232,244351872,244351904,73341,45.423702,-122.661083,352697,24JAN2023:00:00:00,12.0,0.9
3232,244351772,244351796,66825,45.573637,-122.695545,311176,24JAN2023:00:00:00,12.0,0.8
3232,244351772,244351860,70082,45.383285,-122.638758,336177,24JAN2023:00:00:00,9.0,0.9
3232,244351872,244351907,73416,45.433775,-122.654275,353927,24JAN2023:00:00:00,12.0,0.9
3232,244351872,244351906,73381,45.429208,-122.657763,353346,24JAN2023:00:00:00,10.0,1.3
3232,244350890,244350906,16692,45.580317,-122.717977,26634,24JAN2023:00:00:00,10.0,1.0
3232,244351018,244351049,26403,45.419322,-122.663378,73645,24JAN2023:00:00:00,11.0,0.8
3232,244351872,244351964,76436,45.584035,-122.706937,373919,24JAN2023:00:00:00,12.0,0.7
3232,244351872,244351966,76506,45.584068,-122.711137,374240,24JAN2023:00:00:00,12.0,1.3
3232,244351978,244351988,77977,45.515362,-122.818403,398432,24JAN2023:00:00:00,12.0,1.1
3232,244350890,244350897,15927,45.508655,-122.732782,12006,24JAN2023:00:00:00,10.0,0.9
3232,244350890,244350899,16117,45.525237,-122.68668,17124,24JAN2023:00:00:00,9.0,1.0
3232,244350911,244350943,19431,45.537925,-122.674673,37007,24JAN2023:00:00:00,12.0,0.7
3232,244350890,244350900,16287,45.562622,-122.678483,21571,24JAN2023:00:00:00,7.0,1.3
3232,244350890,244350901,16382,45.577273,-122.679488,23585,24JAN2023:00:00:00,7.0,1.3
3232,244351018,244351042,25982,45.409302,-122.660568,71305,24JAN2023:00:00:00,11.0,0.8
3232,244350911,244350949,19716,45.526207,-122.675575,38991,24JAN2023:00:00:00,12.0,0.9
3232,244350890,244350906,16622,45.577187,-122.70758,25747,24JAN2023:00:00:00,10.0,0.9
3232,244350890,244350904,16532,45.577178,-122.695823,24844,24JAN2023:00:00:00,11.0,0.8
4033,244247581,244247620,34610,45.496613,-122.622567,77635,24JAN2023:00:00:00,12.0,0.8
4033,244247581,244247626,34780,45.50404,-122.622588,78458,24JAN2023:00:00:00,12.0,0.6
4033,244247581,244247631,35025,45.512435,-122.622818,79386,24JAN2023:00:00:00,12.0,0.8
4033,244247581,244247631,35035,45.513162,-122.622887,79467,24JAN2023:00:00:00,12.0,0.7
4033,244247581,244247634,35210,45.519045,-122.622978,80124,24JAN2023:00:00:00,9.0,0.9
4033,244247581,244247706,38273,45.595803,-122.760365,100211,24JAN2023:00:00:00,10.0,0.8
4033,244247581,244247710,39317,45.602127,-122.762725,101002,24JAN2023:00:00:00,12.0,0.7
4033,244247581,244247710,39337,45.602127,-122.762725,101002,24JAN2023:00:00:00,12.0,0.7
4033,244247712,244247717,41445,45.592482,-122.757155,102479,24JAN2023:00:00:00,12.0,0.8
4033,244247712,244247720,41667,45.589083,-122.751263,103093,24JAN2023:00:00:00,12.0,0.7
4033,244247712,244247721,41725,45.589175,-122.747835,103378,24JAN2023:00:00:00,12.0,0.8
4033,244247712,244247721,41740,45.588807,-122.746388,103496,24JAN2023:00:00:00,12.0,0.7
4033,244247712,244247722,41760,45.58868,-122.74579,103546,24JAN2023:00:00:00,12.0,0.8
4033,244247712,244247820,46118,45.460412,-122.620505,128720,24JAN2023:00:00:00,12.0,0.7
4033,244247712,244247821,46148,45.46106,-122.62421,129020,24JAN2023:00:00:00,12.0,0.8
4033,244247712,244247821,46163,45.461872,-122.625675,129166,24JAN2023:00:00:00,12.0,0.7
4033,244247712,244247826,46333,45.45699,-122.629997,130135,24JAN2023:00:00:00,12.0,0.7
4033,244247581,244247626,34790,45.504515,-122.622583,78511,24JAN2023:00:00:00,12.0,0.7
4033,244247839,244247974,51967,45.583363,-122.726363,159364,24JAN2023:00:00:00,12.0,0.7
4033,244247839,244247977,52052,45.585088,-122.73107,159781,24JAN2023:00:00:00,12.0,0.8
4033,244247839,244247984,52287,45.589212,-122.747905,161168,24JAN2023:00:00:00,12.0,0.7
4033,244247839,244247980,52187,45.58737,-122.740122,160525,24JAN2023:00:00:00,12.0,0.7
4033,244247712,244247834,46578,45.446562,-122.632875,131521,24JAN2023:00:00:00,12.0,0.7
4033,244248167,244248170,63773,45.445603,-122.64077,195546,24JAN2023:00:00:00,12.0,0.8
4033,244247839,244247988,52537,45.594127,-122.758708,162277,24JAN2023:00:00:00,12.0,0.9
4033,244247839,244247988,52522,45.592948,-122.757537,162116,24JAN2023:00:00:00,12.0,0.9
4033,244247839,244247985,52387,45.589393,-122.752248,161525,24JAN2023:00:00:00,12.0,0.7
4033,244247839,244247986,52432,45.589867,-122.753678,161649,24JAN2023:00:00:00,12.0,0.7
4033,244247839,244247991,52632,45.601872,-122.763558,163224,24JAN2023:00:00:00,12.0,0.8
4033,244248167,244248170,63791,45.446095,-122.639522,195667,24JAN2023:00:00:00,11.0,0.9
4033,244247993,244248161,61683,45.446582,-122.631698,194525,24JAN2023:00:00:00,12.0,0.8
4033,244248167,244248170,63761,45.44559,-122.64101,195527,24JAN2023:00:00:00,12.0,1.2
4033,244248302,244248374,73239,45.577178,-122.665008,236331,24JAN2023:00:00:00,12.0,0.9
4033,244248302,244248382,73490,45.576697,-122.644898,238388,24JAN2023:00:00:00,12.0,0.8
4033,244248302,244248382,73505,45.57596,-122.64152,238663,24JAN2023:00:00:00,12.0,0.8
4033,244248302,244248389,73640,45.570335,-122.614717,240931,24JAN2023:00:00:00,12.0,0.9
4033,244248302,244248389,73645,45.570628,-122.61528,240985,24JAN2023:00:00:00,12.0,1.6
4033,244248302,244248389,73670,45.569988,-122.619505,241335,24JAN2023:00:00:00,12.0,1.0
4033,244248469,244248603,81657,45.577173,-122.684213,282133,24JAN2023:00:00:00,12.0,0.7
4033,244248469,244248624,82092,45.581902,-122.722365,285235,24JAN2023:00:00:00,12.0,0.7
4033,244248469,244248622,82012,45.580438,-122.718353,284880,24JAN2023:00:00:00,12.0,0.7
4033,244248469,244248621,81952,45.577308,-122.709577,284111,24JAN2023:00:00:00,12.0,0.7
4033,244248469,244248620,81917,45.577182,-122.705503,283791,24JAN2023:00:00:00,12.0,0.7
4033,244248469,244248620,81907,45.577182,-122.703873,283675,24JAN2023:00:00:00,12.0,0.9
4033,244248469,244248621,81977,45.578662,-122.713528,284455,24JAN2023:00:00:00,12.0,0.7
4033,244248469,244248621,81967,45.578067,-122.711937,284314,24JAN2023:00:00:00,12.0,0.8
4033,244248469,244248624,82097,45.582088,-122.722872,285280,24JAN2023:00:00:00,12.0,0.7
4033,244248469,244248627,82182,45.58437,-122.729117,285822,24JAN2023:00:00:00,12.0,0.7
4033,244247335,244247450,24961,45.589138,-122.751505,35101,24JAN2023:00:00:00,11.0,0.9
4033,244247335,244247451,25021,45.59007,-122.754382,35346,24JAN2023:00:00:00,12.0,0.8
4033,244247335,244247455,25180,45.599448,-122.762143,36580,24JAN2023:00:00:00,8.0,0.9
4033,244248469,244248627,82187,45.584492,-122.729458,285852,24JAN2023:00:00:00,12.0,0.8
4033,244248469,244248625,82157,45.583235,-122.726018,285559,24JAN2023:00:00:00,12.0,0.7
4033,244248469,244248625,82152,45.583007,-122.725398,285504,24JAN2023:00:00:00,12.0,0.7
4033,244247839,244247944,50932,45.57771,-122.648983,152717,24JAN2023:00:00:00,12.0,0.8
4033,244247839,244247945,51027,45.581053,-122.661287,153734,24JAN2023:00:00:00,12.0,0.8
4033,244247335,244247456,25216,45.60213,-122.762828,36929,24JAN2023:00:00:00,11.0,0.8
4033,244247335,244247456,25201,45.601633,-122.763443,36840,24JAN2023:00:00:00,9.0,0.8
4033,244247458,244247464,26888,45.589885,-122.753858,38805,24JAN2023:00:00:00,11.0,0.8
4033,244247993,244248126,60233,45.497812,-122.62271,186792,24JAN2023:00:00:00,12.0,0.8
4033,244247993,244248135,60723,45.480697,-122.622702,188696,24JAN2023:00:00:00,12.0,0.7
4033,244247993,244248137,60768,45.47913,-122.622535,188873,24JAN2023:00:00:00,12.0,0.9
4033,244247993,244248138,60833,45.479148,-122.619458,189113,24JAN2023:00:00:00,12.0,0.7
4033,244248302,244248304,71777,45.598625,-122.761653,227921,24JAN2023:00:00:00,12.0,0.8
4033,244248302,244248305,71797,45.596953,-122.760647,228123,24JAN2023:00:00:00,12.0,0.8
4033,244248302,244248306,71877,45.59312,-122.757793,228613,24JAN2023:00:00:00,11.0,0.9
4033,244248302,244248307,71922,45.592442,-122.757118,228705,24JAN2023:00:00:00,12.0,0.9
4033,244248302,244248308,71937,45.591462,-122.756167,228839,24JAN2023:00:00:00,12.0,0.8
4033,244248302,244248308,71947,45.590908,-122.755625,228913,24JAN2023:00:00:00,12.0,0.8
4033,244248302,244248308,71952,45.590665,-122.755388,228945,24JAN2023:00:00:00,12.0,0.9
4033,244248302,244248311,72067,45.589052,-122.751185,229320,24JAN2023:00:00:00,12.0,0.7
4033,244248302,244248313,72147,45.588142,-122.743515,229955,24JAN2023:00:00:00,12.0,0.7
4033,244248469,244248539,80492,45.542607,-122.619917,272439,24JAN2023:00:00:00,12.0,0.7
4033,244248469,244248540,80577,45.54698,-122.620773,273051,24JAN2023:00:00:00,12.0,0.8
4033,244248469,244248541,80597,45.548162,-122.620768,273182,24JAN2023:00:00:00,12.0,0.7
4033,244248469,244248543,80647,45.549145,-122.620372,273306,24JAN2023:00:00:00,12.0,0.7
4033,244248469,244248544,80677,45.551897,-122.620395,273613,24JAN2023:00:00:00,12.0,0.7
4033,244248469,244248546,80702,45.554238,-122.620395,273874,24JAN2023:00:00:00,12.0,0.7
4033,244248469,244248549,80872,45.562605,-122.620387,274795,24JAN2023:00:00:00,12.0,0.7
4033,244248469,244248562,81057,45.570305,-122.614735,276036,24JAN2023:00:00:00,12.0,0.7
4033,244247335,244247421,23534,45.576092,-122.641588,25726,24JAN2023:00:00:00,12.0,0.8
4033,244247581,244247636,35250,45.522858,-122.622978,80548,24JAN2023:00:00:00,11.0,0.7
4033,244247581,244247641,35450,45.532762,-122.62292,81657,24JAN2023:00:00:00,10.0,0.8
4033,244247581,244247644,35676,45.535247,-122.61996,82251,24JAN2023:00:00:00,12.0,0.7
4033,244247581,244247647,35871,45.54039,-122.619943,82822,24JAN2023:00:00:00,12.0,0.8
4033,244247581,244247648,35886,45.541592,-122.619937,82955,24JAN2023:00:00:00,12.0,0.8
4033,244247712,244247724,41845,45.58681,-122.738005,104189,24JAN2023:00:00:00,12.0,0.8
4033,244247712,244247725,41869,45.585993,-122.734578,104474,24JAN2023:00:00:00,12.0,0.8
4033,244247712,244247726,41955,45.584682,-122.730088,104846,24JAN2023:00:00:00,12.0,0.7
4033,244247712,244247727,41994,45.583135,-122.72598,105210,24JAN2023:00:00:00,12.0,0.7
4033,244247712,244247732,42160,45.577827,-122.711482,106493,24JAN2023:00:00:00,12.0,0.9
4033,244247712,244247735,42354,45.577107,-122.696778,107645,24JAN2023:00:00:00,12.0,0.8
4033,244247839,244247841,47433,45.445242,-122.641578,132363,24JAN2023:00:00:00,12.0,0.7
4033,244247839,244247841,47440,45.445332,-122.641602,132369,24JAN2023:00:00:00,12.0,0.7
4033,244247839,244247841,47469,45.445573,-122.64076,132450,24JAN2023:00:00:00,12.0,0.9
4033,244247839,244247841,47483,45.445637,-122.640035,132513,24JAN2023:00:00:00,12.0,0.8
4033,244247839,244247842,47533,45.44641,-122.635323,132911,24JAN2023:00:00:00,12.0,0.9
4033,244247839,244247843,47558,45.446467,-122.63296,133096,24JAN2023:00:00:00,12.0,0.7
4033,244247839,244247851,47808,45.46021,-122.629953,134864,24JAN2023:00:00:00,12.0,0.7
4033,244247839,244247991,52637,45.601967,-122.76352,163235,24JAN2023:00:00:00,12.0,0.8
4033,244247993,244247994,55665,45.601938,-122.763368,163533,24JAN2023:00:00:00,12.0,0.8
4033,244247993,244247994,55695,45.599873,-122.762413,163787,24JAN2023:00:00:00,12.0,0.7
4033,244247993,244247999,55885,45.590665,-122.75538,164965,24JAN2023:00:00:00,12.0,0.7
4033,244247993,244248002,56045,45.589467,-122.749567,165478,24JAN2023:00:00:00,12.0,0.7
4033,244247993,244248003,56075,45.589342,-122.748535,165562,24JAN2023:00:00:00,12.0,0.7
4033,244247993,244248023,56125,45.588448,-122.744833,165869,24JAN2023:00:00:00,12.0,0.8
4033,244247993,244248024,56160,45.588102,-122.743452,165981,24JAN2023:00:00:00,12.0,0.7
4033,244247993,244248025,56190,45.587817,-122.742153,166083,24JAN2023:00:00:00,12.0,0.8
4033,244247993,244248025,56200,45.587503,-122.740882,166188,24JAN2023:00:00:00,12.0,1.0
4033,244247993,244248030,56265,45.58658,-122.7371,166501,24JAN2023:00:00:00,12.0,0.7
4033,244247993,244248031,56300,45.585918,-122.734258,166740,24JAN2023:00:00:00,12.0,1.0
4033,244247993,244248031,56305,45.585738,-122.733493,166802,24JAN2023:00:00:00,12.0,0.7
4033,244248167,244248176,64186,45.455078,-122.629908,197384,24JAN2023:00:00:00,11.0,0.8
4033,244248167,244248177,64206,45.456638,-122.629938,197560,24JAN2023:00:00:00,11.0,0.8
4033,244248167,244248179,64256,45.45863,-122.629968,197774,24JAN2023:00:00:00,11.0,0.9
4033,244248167,244248179,64261,45.459013,-122.629958,197817,24JAN2023:00:00:00,11.0,0.9
4033,244248167,244248184,64456,45.46146,-122.61681,199414,24JAN2023:00:00:00,11.0,0.8
4033,244248167,244248185,64466,45.462095,-122.616533,199489,24JAN2023:00:00:00,11.0,0.8
4033,244248167,244248185,64481,45.462762,-122.615818,199583,24JAN2023:00:00:00,11.0,0.8
4033,244248167,244248186,64511,45.465555,-122.615912,199897,24JAN2023:00:00:00,8.0,1.0
4033,244248302,244248389,73690,45.567723,-122.620387,241602,24JAN2023:00:00:00,12.0,0.8
4033,244247581,244247643,35626,45.534087,-122.620288,82112,24JAN2023:00:00:00,12.0,0.7
4033,244247581,244247642,35531,45.533447,-122.620295,82040,24JAN2023:00:00:00,7.0,1.9
4033,244247458,244247466,26948,45.58916,-122.750863,39060,24JAN2023:00:00:00,8.0,0.9
4033,244247335,244247422,23629,45.578675,-122.652925,26660,24JAN2023:00:00:00,12.0,0.7
4033,244247335,244247422,23569,45.576527,-122.64358,25888,24JAN2023:00:00:00,12.0,0.7
4033,244247335,244247422,23619,45.578165,-122.650893,26492,24JAN2023:00:00:00,12.0,0.8
4033,244247335,244247422,23589,45.576798,-122.644852,25995,24JAN2023:00:00:00,12.0,0.7
4033,244247335,244247431,24125,45.577258,-122.677338,29016,24JAN2023:00:00:00,12.0,0.7
4033,244247335,244247422,23679,45.58104,-122.661005,27334,24JAN2023:00:00:00,12.0,0.7
4033,244247335,244247422,23634,45.57896,-122.653893,26742,24JAN2023:00:00:00,12.0,0.7
4033,244247458,244247466,26958,45.589467,-122.749728,39156,24JAN2023:00:00:00,8.0,0.9
4033,244247335,244247426,23929,45.577273,-122.664338,28012,24JAN2023:00:00:00,11.0,1.0
4033,244247458,244247517,29344,45.544615,-122.621943,54789,24JAN2023:00:00:00,9.0,0.9
4033,244247458,244247516,29273,45.548253,-122.620715,54357,24JAN2023:00:00:00,12.0,1.2
4033,244247458,244247521,29564,45.536615,-122.619955,55776,24JAN2023:00:00:00,12.0,0.7
4033,244247458,244247518,29388,45.542563,-122.6199,55117,24JAN2023:00:00:00,9.0,0.9
4033,244247581,244247600,33910,45.461428,-122.616845,73134,24JAN2023:00:00:00,12.0,0.6
4033,244247335,244247431,24160,45.577215,-122.682605,29424,24JAN2023:00:00:00,12.0,0.7
4033,244247458,244247520,29514,45.538413,-122.619945,55577,24JAN2023:00:00:00,9.0,1.2
4033,244247458,244247524,29854,45.532823,-122.623093,56602,24JAN2023:00:00:00,12.0,0.7
4033,244247335,244247432,24206,45.577173,-122.684833,29602,24JAN2023:00:00:00,12.0,0.7
4033,244247458,244247523,29724,45.533603,-122.620875,56150,24JAN2023:00:00:00,11.0,0.9
4033,244247458,244247525,29884,45.529597,-122.623052,56959,24JAN2023:00:00:00,11.0,1.1
4033,244247581,244247692,37779,45.58236,-122.723625,96828,24JAN2023:00:00:00,12.0,0.8
4033,244247581,244247606,34135,45.475043,-122.61544,74700,24JAN2023:00:00:00,12.0,0.6
4033,244247581,244247702,38093,45.58957,-122.749398,98994,24JAN2023:00:00:00,12.0,0.7
4033,244247458,244247521,29569,45.536375,-122.619985,55802,24JAN2023:00:00:00,11.0,0.9
4033,244247581,244247605,34110,45.473643,-122.616018,74522,24JAN2023:00:00:00,12.0,0.7
4033,244247581,244247696,37863,45.585362,-122.731733,97542,24JAN2023:00:00:00,12.0,0.7
4033,244247581,244247614,34375,45.485432,-122.622617,76402,24JAN2023:00:00:00,11.0,0.8
4033,244247581,244247605,34080,45.471043,-122.615985,74232,24JAN2023:00:00:00,10.0,0.9
4033,244247581,244247702,38133,45.58937,-122.752187,99230,24JAN2023:00:00:00,12.0,0.7
4033,244247712,244247803,45349,45.48895,-122.62292,124672,24JAN2023:00:00:00,12.0,0.7
4033,244247712,244247799,45269,45.492487,-122.622713,124290,24JAN2023:00:00:00,12.0,0.8
4033,244247581,244247703,38176,45.590077,-122.754348,99413,24JAN2023:00:00:00,12.0,0.8
4033,244247712,244247807,45569,45.479605,-122.622677,125711,24JAN2023:00:00:00,12.0,0.8
4033,244247581,244247702,38118,45.589102,-122.751157,99143,24JAN2023:00:00:00,12.0,0.8
4033,244247839,244247950,51287,45.577277,-122.668147,154669,24JAN2023:00:00:00,12.0,0.7
4033,244247581,244247705,38248,45.593845,-122.758453,99948,24JAN2023:00:00:00,10.0,0.8
4033,244247839,244247951,51352,45.577258,-122.673102,155057,24JAN2023:00:00:00,12.0,0.8
4033,244247712,244247804,45419,45.485117,-122.622712,125099,24JAN2023:00:00:00,12.0,0.7
4033,244247712,244247812,45854,45.474717,-122.615683,126804,24JAN2023:00:00:00,12.0,0.7
4033,244247712,244247811,45824,45.477513,-122.615457,126494,24JAN2023:00:00:00,12.0,0.8
4033,244247993,244248149,61258,45.459987,-122.61923,191713,24JAN2023:00:00:00,10.0,0.8
4033,244247839,244247955,51517,45.577157,-122.684503,155940,24JAN2023:00:00:00,12.0,0.8
4033,244247581,244247704,38213,45.591373,-122.756042,99616,24JAN2023:00:00:00,10.0,0.8
4033,244247712,244247812,45844,45.475473,-122.615488,126719,24JAN2023:00:00:00,12.0,0.7
4033,244247839,244247967,51727,45.577167,-122.697577,156957,24JAN2023:00:00:00,12.0,0.9
4033,244247839,244247957,51602,45.57716,-122.688243,156237,24JAN2023:00:00:00,12.0,0.9
4033,244247993,244248149,61273,45.460275,-122.619987,191778,24JAN2023:00:00:00,10.0,0.8
4033,244247993,244248145,61178,45.462702,-122.615932,191253,24JAN2023:00:00:00,12.0,0.7
4033,244247993,244248145,61153,45.463008,-122.615927,191225,24JAN2023:00:00:00,12.0,0.7
4033,244247839,244247968,51792,45.577165,-122.708025,157774,24JAN2023:00:00:00,12.0,0.9
4033,244247839,244247970,51852,45.579898,-122.716958,158543,24JAN2023:00:00:00,12.0,0.7
4033,244247993,244248150,61313,45.46071,-122.622882,192013,24JAN2023:00:00:00,8.0,1.0
4033,244247993,244248151,61368,45.462653,-122.629445,192587,24JAN2023:00:00:00,9.0,0.9
4033,244247993,244248154,61468,45.459797,-122.630003,192924,24JAN2023:00:00:00,12.0,0.7
4033,244247993,244248156,61513,45.455643,-122.629993,193387,24JAN2023:00:00:00,12.0,0.7
4033,244248302,244248351,72592,45.57728,-122.709822,232843,24JAN2023:00:00:00,12.0,0.7
4033,244248302,244248351,72604,45.577092,-122.708243,232968,24JAN2023:00:00:00,12.0,0.7
4033,244248302,244248354,72698,45.577102,-122.701463,233502,24JAN2023:00:00:00,12.0,0.7
4033,244248302,244248354,72714,45.577095,-122.699172,233681,24JAN2023:00:00:00,12.0,0.7
4033,244248302,244248359,72926,45.577085,-122.68337,234908,24JAN2023:00:00:00,11.0,0.9
4033,244248469,244248563,81097,45.570773,-122.614435,276122,24JAN2023:00:00:00,12.0,0.7
4033,244248469,244248565,81142,45.572355,-122.623157,276815,24JAN2023:00:00:00,12.0,0.7
4033,244248469,244248570,81335,45.58106,-122.661047,279926,24JAN2023:00:00:00,12.0,0.7
4033,244248469,244248595,81507,45.577268,-122.67218,281203,24JAN2023:00:00:00,12.0,0.7
4033,244248469,244248597,81602,45.577258,-122.679102,281746,24JAN2023:00:00:00,12.0,0.7
4033,244247335,244247434,24351,45.57718,-122.69588,30465,24JAN2023:00:00:00,11.0,0.9
4033,244247335,244247436,24441,45.577177,-122.704022,31100,24JAN2023:00:00:00,12.0,0.7
4033,244247335,244247436,24451,45.577173,-122.705585,31222,24JAN2023:00:00:00,11.0,0.8
4033,244247335,244247438,24566,45.580518,-122.71859,32313,24JAN2023:00:00:00,12.0,0.7
4033,244247335,244247443,24691,45.58426,-122.728828,33216,24JAN2023:00:00:00,12.0,0.7
4033,244247335,244247444,24751,45.58502,-122.730898,33398,24JAN2023:00:00:00,12.0,0.8
4033,244247335,244247449,24911,45.589292,-122.748245,34832,24JAN2023:00:00:00,12.0,0.7
4033,244247458,244247545,30723,45.490492,-122.622798,61306,24JAN2023:00:00:00,11.0,0.9
4033,244247458,244247547,30773,45.486663,-122.622677,61734,24JAN2023:00:00:00,11.0,0.9
4033,244247458,244247549,30803,45.483223,-122.622672,62116,24JAN2023:00:00:00,11.0,0.9
4033,244247581,244247618,34555,45.493722,-122.622593,77323,24JAN2023:00:00:00,12.0,0.7
4033,244248167,244248172,63841,45.446463,-122.634218,196098,24JAN2023:00:00:00,11.0,0.9
4033,244247581,244247703,38183,45.590155,-122.754562,99432,24JAN2023:00:00:00,12.0,0.7
4033,244247581,244247703,38174,45.590077,-122.754348,99413,24JAN2023:00:00:00,12.0,0.8
4033,244248302,244248364,73189,45.57718,-122.669003,236027,24JAN2023:00:00:00,12.0,0.9
4033,244248167,244248174,64056,45.449025,-122.629732,196719,24JAN2023:00:00:00,9.0,1.1
4033,244248167,244248173,64017,45.446588,-122.629932,196431,24JAN2023:00:00:00,12.0,0.8
4033,244247335,244247423,23804,45.58108,-122.66119,27352,24JAN2023:00:00:00,12.0,0.7
4033,244247335,244247422,23659,45.580432,-122.658812,27158,24JAN2023:00:00:00,12.0,0.7
4033,244247335,244247426,23924,45.577278,-122.663558,27952,24JAN2023:00:00:00,12.0,0.8
4033,244247335,244247453,25126,45.594598,-122.759147,35978,24JAN2023:00:00:00,9.0,0.8
4033,244247335,244247454,25146,45.596167,-122.760638,36186,24JAN2023:00:00:00,9.0,0.9
4033,244247458,244247523,29739,45.53314,-122.6207,56208,24JAN2023:00:00:00,11.0,0.9
4033,244247458,244247518,29359,45.54392,-122.621747,54884,24JAN2023:00:00:00,9.0,1.0
4033,244247458,244247520,29524,45.53792,-122.619983,55630,24JAN2023:00:00:00,9.0,1.0
4033,244247458,244247520,29499,45.539415,-122.619948,55466,24JAN2023:00:00:00,9.0,0.9
4033,244247335,244247455,25186,45.6,-122.762493,36647,24JAN2023:00:00:00,9.0,0.8
4033,244247458,244247516,29283,45.547515,-122.620812,54444,24JAN2023:00:00:00,12.0,0.8
4033,244247458,244247471,27098,45.586057,-122.734782,40382,24JAN2023:00:00:00,10.0,0.8
4033,244247458,244247469,27048,45.587642,-122.741372,39837,24JAN2023:00:00:00,8.0,0.9
4033,244248469,244248595,81522,45.577273,-122.672712,281242,24JAN2023:00:00:00,12.0,0.7
4033,244248469,244248564,81117,45.57126,-122.61787,276402,24JAN2023:00:00:00,12.0,0.7
4033,244247335,244247440,24646,45.581873,-122.722318,32643,24JAN2023:00:00:00,11.0,0.9
4033,244248469,244248597,81592,45.577267,-122.677378,281610,24JAN2023:00:00:00,12.0,0.7
4033,244248469,244248570,81342,45.581067,-122.66107,279930,24JAN2023:00:00:00,12.0,0.7
4033,244247581,244247630,34940,45.510995,-122.622773,79236,24JAN2023:00:00:00,12.0,0.8
3232,244351448,244351501,50407,45.504767,-122.678708,223324,24JAN2023:00:00:00,12.0,0.8
3232,244350911,244350970,20726,45.484368,-122.674887,44261,24JAN2023:00:00:00,11.0,0.8
4033,244248167,244248204,65250,45.497257,-122.622553,203979,24JAN2023:00:00:00,11.0,0.8
3232,244351772,244351865,70222,45.371225,-122.624117,337960,24JAN2023:00:00:00,9.0,1.1
3232,244351552,244351605,56628,45.504482,-122.673452,250998,24JAN2023:00:00:00,10.0,0.9
3232,244351668,244351719,62473,45.496552,-122.672878,291804,24JAN2023:00:00:00,11.0,0.8
4033,244247993,244248049,56755,45.57711,-122.706065,169158,24JAN2023:00:00:00,12.0,0.7
3232,244351978,244351979,76915,45.57453,-122.706293,378039,24JAN2023:00:00:00,12.0,0.7
3232,244351872,244351972,76688,45.582652,-122.724015,375356,24JAN2023:00:00:00,12.0,0.7
3232,244351018,244351071,27413,45.509983,-122.678398,84548,24JAN2023:00:00:00,12.0,1.2
3232,244351772,244351813,67876,45.516462,-122.678902,318844,24JAN2023:00:00:00,9.0,2.3
3232,244351872,244351940,75358,45.525243,-122.676003,365068,24JAN2023:00:00:00,12.0,0.9
3232,244351334,244351372,43448,45.523138,-122.675412,178757,24JAN2023:00:00:00,11.0,0.9
3232,244350911,244350995,21795,45.400013,-122.655545,55190,24JAN2023:00:00:00,11.0,0.7
3232,244351018,244351074,27580,45.511608,-122.682725,84972,24JAN2023:00:00:00,11.0,1.0
3232,244351018,244351068,27308,45.50361,-122.677445,83756,24JAN2023:00:00:00,11.0,0.8
3232,244350911,244350971,20775,45.479112,-122.672795,44862,24JAN2023:00:00:00,12.0,0.8
3232,244351334,244351409,45667,45.430697,-122.656133,190012,24JAN2023:00:00:00,11.0,1.0
3232,244351226,244351326,40263,45.584047,-122.721035,166217,24JAN2023:00:00:00,12.0,0.7
3232,244351117,244351142,31044,45.572672,-122.695567,102261,24JAN2023:00:00:00,11.0,0.8
3232,244351334,244351343,42087,45.584033,-122.713682,169347,24JAN2023:00:00:00,12.0,0.7
3232,244351018,244351059,26802,45.472333,-122.671393,80041,24JAN2023:00:00:00,9.0,0.8
3232,244351448,244351493,49987,45.478525,-122.672435,220111,24JAN2023:00:00:00,12.0,0.8
3232,244351668,244351675,60680,45.36859,-122.618027,274609,24JAN2023:00:00:00,12.0,0.7
3232,244350890,244350899,16167,45.536428,-122.684867,18405,24JAN2023:00:00:00,8.0,1.2
4033,244247458,244247511,29053,45.55598,-122.620433,53484,24JAN2023:00:00:00,12.0,0.7
4033,244247458,244247513,29163,45.551732,-122.620418,53960,24JAN2023:00:00:00,11.0,0.8
3232,244350911,244350914,18349,45.580227,-122.725705,28710,24JAN2023:00:00:00,12.0,0.8
3232,244350911,244350970,20755,45.481257,-122.673513,44619,24JAN2023:00:00:00,11.0,0.9
3232,244350911,244350975,21055,45.462597,-122.668695,46737,24JAN2023:00:00:00,11.0,0.8
3232,244350911,244350975,21060,45.461762,-122.668305,46836,24JAN2023:00:00:00,11.0,0.8
3232,244350911,244350977,21160,45.447155,-122.657225,48666,24JAN2023:00:00:00,10.0,0.9
3232,244351018,244351059,26792,45.471987,-122.671452,80008,24JAN2023:00:00:00,9.0,0.8
3232,244351018,244351062,26997,45.483783,-122.674405,81324,24JAN2023:00:00:00,11.0,0.8
3232,244351117,244351136,30789,45.579975,-122.697285,101344,24JAN2023:00:00:00,11.0,0.9
3232,244351117,244351141,30994,45.576248,-122.695508,101868,24JAN2023:00:00:00,11.0,0.8
3232,244351117,244351141,31019,45.573708,-122.695562,102146,24JAN2023:00:00:00,11.0,0.8
3232,244351117,244351144,31149,45.567277,-122.695628,102854,24JAN2023:00:00:00,11.0,0.8
3232,244351117,244351146,31256,45.56472,-122.695628,103133,24JAN2023:00:00:00,11.0,0.8
3232,244351448,244351496,50182,45.48976,-122.673747,221410,24JAN2023:00:00:00,12.0,0.8
3232,244351448,244351503,50482,45.509772,-122.678083,223879,24JAN2023:00:00:00,12.0,0.8
3232,244351552,244351568,54292,45.583988,-122.697985,240215,24JAN2023:00:00:00,12.0,0.8
3232,244351552,244351578,54681,45.564862,-122.695627,242482,24JAN2023:00:00:00,12.0,0.8
3232,244351552,244351578,54706,45.562743,-122.695665,242715,24JAN2023:00:00:00,12.0,0.8
3232,244351552,244351580,54791,45.556833,-122.693243,243400,24JAN2023:00:00:00,12.0,0.8
3232,244351552,244351632,57960,45.419417,-122.664745,261681,24JAN2023:00:00:00,12.0,0.9
3232,244351552,244351638,58155,45.412108,-122.664578,262589,24JAN2023:00:00:00,12.0,0.7
3232,244351552,244351638,58210,45.408035,-122.660077,263258,24JAN2023:00:00:00,12.0,0.7
3232,244351552,244351641,58290,45.400605,-122.656178,264174,24JAN2023:00:00:00,11.0,1.0
3232,244350890,244350893,15397,45.50726,-122.840733,491,24JAN2023:00:00:00,11.0,0.8
3232,244350890,244350896,15622,45.526273,-122.826733,4126,24JAN2023:00:00:00,11.0,0.8
3232,244350911,244351009,22123,45.368923,-122.618625,59745,24JAN2023:00:00:00,12.0,0.9
3232,244350911,244351014,22218,45.361832,-122.609695,60817,24JAN2023:00:00:00,9.0,1.0
3232,244350911,244351015,22329,45.36324,-122.601752,62185,24JAN2023:00:00:00,9.0,1.0
3232,244351018,244351082,28199,45.528703,-122.666197,87528,24JAN2023:00:00:00,9.0,1.3
3232,244351018,244351083,28249,45.52995,-122.666915,87744,24JAN2023:00:00:00,9.0,0.9
3232,244351018,244351085,28352,45.538992,-122.674575,88963,24JAN2023:00:00:00,11.0,0.8
3232,244351018,244351089,28542,45.556473,-122.69296,91513,24JAN2023:00:00:00,12.0,0.8
3232,244351018,244351090,28602,45.56126,-122.695053,92069,24JAN2023:00:00:00,12.0,0.8
3232,244351448,244351510,51147,45.518965,-122.678678,225205,24JAN2023:00:00:00,11.0,1.2
3232,244351448,244351512,51242,45.521662,-122.677293,225519,24JAN2023:00:00:00,11.0,1.5
3232,244351448,244351515,51407,45.52366,-122.676458,225750,24JAN2023:00:00:00,12.0,0.9
3232,244351552,244351582,54965,45.541428,-122.677297,245619,24JAN2023:00:00:00,12.0,0.8
3232,244351552,244351582,54980,45.54106,-122.677305,245666,24JAN2023:00:00:00,11.0,0.8
3232,244351552,244351585,55085,45.530192,-122.66827,247117,24JAN2023:00:00:00,12.0,0.9
3232,244351552,244351649,58516,45.389255,-122.64377,265747,24JAN2023:00:00:00,11.0,0.8
3232,244351552,244351649,58521,45.388837,-122.643302,265807,24JAN2023:00:00:00,11.0,0.8
3232,244351668,244351721,62543,45.501582,-122.673408,292385,24JAN2023:00:00:00,11.0,0.8
3232,244351668,244351725,62822,45.510743,-122.681658,293830,24JAN2023:00:00:00,11.0,1.1
3232,244351772,244351779,66291,45.584278,-122.722723,307949,24JAN2023:00:00:00,12.0,0.8
3232,244351772,244351783,66440,45.584028,-122.713922,308641,24JAN2023:00:00:00,12.0,1.0
3232,244351772,244351832,69002,45.457412,-122.664342,326123,24JAN2023:00:00:00,10.0,0.8
3232,244351117,244351190,33559,45.423222,-122.661623,121254,24JAN2023:00:00:00,8.0,1.3
3232,244351226,244351254,37122,45.410845,-122.66448,141384,24JAN2023:00:00:00,11.0,0.8
3232,244351226,244351257,37252,45.420803,-122.664837,142622,24JAN2023:00:00:00,12.0,0.8
3232,244351226,244351258,37272,45.421043,-122.667067,142797,24JAN2023:00:00:00,12.0,0.8
3232,244351226,244351321,40153,45.584033,-122.710055,165369,24JAN2023:00:00:00,12.0,0.7
3232,244351334,244351335,41894,45.57738,-122.727817,167801,24JAN2023:00:00:00,12.0,0.7
3232,244351334,244351342,42057,45.584115,-122.716958,169094,24JAN2023:00:00:00,12.0,0.7
3232,244351334,244351402,45476,45.453925,-122.66115,187267,24JAN2023:00:00:00,12.0,0.9
3232,244351334,244351406,45537,45.44496,-122.656875,188322,24JAN2023:00:00:00,12.0,1.0
3232,244351334,244351409,45642,45.434507,-122.65397,189559,24JAN2023:00:00:00,11.0,1.0
3232,244351334,244351412,45757,45.421452,-122.66253,191158,24JAN2023:00:00:00,12.0,0.7
3232,244351334,244351413,45787,45.42067,-122.664125,191363,24JAN2023:00:00:00,12.0,0.8
3232,244351334,244351414,45852,45.420795,-122.667873,191673,24JAN2023:00:00:00,10.0,0.8
3232,244351448,244351464,48810,45.391647,-122.646232,208404,24JAN2023:00:00:00,12.0,0.8
3232,244351334,244351409,45662,45.431478,-122.655632,189917,24JAN2023:00:00:00,11.0,1.0
3232,244351668,244351671,60480,45.366365,-122.600722,272708,24JAN2023:00:00:00,12.0,0.7
4033,244247458,244247506,28703,45.570717,-122.615837,51610,24JAN2023:00:00:00,12.0,0.8
3232,244351772,244351832,69037,45.451767,-122.659618,326845,24JAN2023:00:00:00,12.0,0.8
3232,244351872,244351882,72612,45.378052,-122.634472,345728,24JAN2023:00:00:00,12.0,0.8
3232,244351872,244351884,72687,45.387185,-122.641373,346886,24JAN2023:00:00:00,12.0,0.8
3232,244351872,244351891,72831,45.400397,-122.655697,348714,24JAN2023:00:00:00,11.0,0.9
3232,244351872,244351893,72871,45.404642,-122.659972,349290,24JAN2023:00:00:00,12.0,0.9
3232,244351872,244351898,73051,45.419147,-122.662878,351101,24JAN2023:00:00:00,12.0,0.9
3232,244351872,244351899,73121,45.420898,-122.665653,351494,24JAN2023:00:00:00,12.0,0.9
3232,244351872,244351942,75463,45.525303,-122.671675,365399,24JAN2023:00:00:00,10.0,0.9
3232,244351872,244351948,75882,45.554563,-122.692112,369784,24JAN2023:00:00:00,12.0,0.7
3232,244351978,244351985,77501,45.51193,-122.704958,388131,24JAN2023:00:00:00,11.0,0.9
3232,244351978,244351986,77597,45.509635,-122.726432,390142,24JAN2023:00:00:00,11.0,0.8
3232,244350911,244351016,22345,45.361493,-122.60347,62418,24JAN2023:00:00:00,9.0,1.2
3232,244351018,244351025,25408,45.370307,-122.621433,65881,24JAN2023:00:00:00,10.0,0.8
3232,244351018,244351025,25413,45.370585,-122.622265,65953,24JAN2023:00:00:00,11.0,0.8
3232,244351018,244351093,28741,45.569788,-122.695522,93008,24JAN2023:00:00:00,12.0,0.7
3232,244351117,244351166,32479,45.509005,-122.67661,110959,24JAN2023:00:00:00,11.0,0.9
3232,244351117,244351168,32594,45.506812,-122.673525,111375,24JAN2023:00:00:00,11.0,1.0
3232,244351117,244351170,32674,45.502843,-122.672577,111836,24JAN2023:00:00:00,12.0,0.8
3232,244351117,244351171,32778,45.498363,-122.671878,112338,24JAN2023:00:00:00,11.0,2.1
3232,244351117,244351217,34560,45.369925,-122.620447,129278,24JAN2023:00:00:00,12.0,0.6
3232,244351117,244351220,34630,45.36409,-122.610805,130264,24JAN2023:00:00:00,10.0,0.8
3232,244351117,244351222,34685,45.361947,-122.609625,130514,24JAN2023:00:00:00,11.0,0.8
3232,244351226,244351230,36194,45.359697,-122.605552,132479,24JAN2023:00:00:00,12.0,0.8
3232,244351226,244351230,36207,45.359802,-122.605638,132493,24JAN2023:00:00:00,12.0,0.8
3232,244351226,244351230,36251,45.36072,-122.604333,132654,24JAN2023:00:00:00,11.0,0.8
3232,244351226,244351292,38834,45.519673,-122.678357,155619,24JAN2023:00:00:00,10.0,1.0
3232,244351226,244351299,39442,45.530008,-122.667055,157457,24JAN2023:00:00:00,12.0,0.8
3232,244351334,244351377,44116,45.514323,-122.68002,179789,24JAN2023:00:00:00,12.0,1.2
3232,244351334,244351383,44411,45.50958,-122.677137,180588,24JAN2023:00:00:00,10.0,0.7
3232,244351334,244351384,44496,45.507263,-122.674587,180983,24JAN2023:00:00:00,10.0,0.8
3232,244351772,244351794,66720,45.578128,-122.697282,310567,24JAN2023:00:00:00,12.0,0.8
3232,244351772,244351850,69806,45.405737,-122.660045,333179,24JAN2023:00:00:00,12.0,0.8
3232,244351772,244351858,70011,45.38797,-122.642345,335580,24JAN2023:00:00:00,12.0,0.8
3232,244351872,244351900,73146,45.421038,-122.667748,351654,24JAN2023:00:00:00,12.0,1.2
3232,244351872,244351909,73481,45.442885,-122.655772,355000,24JAN2023:00:00:00,9.0,1.1
3232,244351872,244351950,75987,45.562602,-122.69561,370714,24JAN2023:00:00:00,12.0,0.7
3232,244351872,244351951,76002,45.563985,-122.695595,370867,24JAN2023:00:00:00,12.0,0.7
3232,244351978,244351988,77967,45.516958,-122.81769,398248,24JAN2023:00:00:00,12.0,0.7
3232,244351978,244351993,78236,45.503922,-122.844247,401481,24JAN2023:00:00:00,12.0,0.7
3232,244351668,244351669,60275,45.359532,-122.605437,271807,24JAN2023:00:00:00,11.0,0.9
3232,244351668,244351671,60400,45.361725,-122.603038,272149,24JAN2023:00:00:00,11.0,0.8
3232,244351668,244351671,60530,45.364143,-122.605815,273426,24JAN2023:00:00:00,12.0,0.7
3232,244350890,244350897,15922,45.50861,-122.73448,11873,24JAN2023:00:00:00,11.0,0.9
3232,244350890,244350898,16077,45.515975,-122.68808,16062,24JAN2023:00:00:00,10.0,1.8
3232,244350890,244350900,16197,45.541772,-122.678345,19182,24JAN2023:00:00:00,9.0,0.9
3232,244350911,244350946,19651,45.526873,-122.673478,38786,24JAN2023:00:00:00,11.0,1.0
3232,244350911,244350950,19800,45.524277,-122.675432,39205,24JAN2023:00:00:00,9.0,1.1
3232,244350890,244350901,16322,45.571098,-122.678568,22506,24JAN2023:00:00:00,8.0,0.9
3232,244350890,244350906,16607,45.57718,-122.705283,25575,24JAN2023:00:00:00,11.0,0.9
3232,244350911,244350957,20230,45.510032,-122.6789,41022,24JAN2023:00:00:00,8.0,1.0
3232,244350911,244350957,20240,45.50989,-122.678282,41063,24JAN2023:00:00:00,7.0,1.2
3232,244350911,244350960,20315,45.509105,-122.676623,41210,24JAN2023:00:00:00,9.0,1.0
3232,244351018,244351051,26448,45.421565,-122.662312,73936,24JAN2023:00:00:00,11.0,0.8
3232,244351334,244351345,42132,45.584022,-122.708443,169750,24JAN2023:00:00:00,10.0,0.8
3232,244351018,244351092,28677,45.564443,-122.695585,92427,24JAN2023:00:00:00,12.0,0.8
3232,244351018,244351088,28467,45.547708,-122.684297,90322,24JAN2023:00:00:00,11.0,1.0
3232,244351018,244351115,29364,45.57765,-122.727705,97490,24JAN2023:00:00:00,11.0,0.8
3232,244351668,244351731,63292,45.519467,-122.678465,294910,24JAN2023:00:00:00,11.0,1.1
4033,244247839,244247949,51227,45.577257,-122.662728,154259,24JAN2023:00:00:00,12.0,0.8
3232,244351448,244351467,48861,45.397338,-122.652368,209177,24JAN2023:00:00:00,12.0,0.7
3232,244351448,244351466,48825,45.393562,-122.648337,208672,24JAN2023:00:00:00,12.0,0.8
3232,244350911,244350984,21351,45.420955,-122.662653,51789,24JAN2023:00:00:00,12.0,0.7
3232,244350911,244350987,21566,45.41969,-122.667727,52384,24JAN2023:00:00:00,12.0,1.1
3232,244351018,244351072,27485,45.510847,-122.682243,84859,24JAN2023:00:00:00,10.0,1.2
3232,244351018,244351074,27590,45.512072,-122.682445,85029,24JAN2023:00:00:00,10.0,1.2
3232,244351018,244351080,28074,45.525202,-122.676325,86560,24JAN2023:00:00:00,8.0,1.3
3232,244351018,244351080,28088,45.525177,-122.676015,86582,24JAN2023:00:00:00,7.0,1.4
3232,244351117,244351151,31526,45.540825,-122.677283,106337,24JAN2023:00:00:00,10.0,0.9
3232,244351226,244351267,37601,45.445065,-122.656887,146473,24JAN2023:00:00:00,11.0,0.8
3232,244351226,244351269,37631,45.449687,-122.658438,147004,24JAN2023:00:00:00,12.0,0.8
3232,244351226,244351273,37871,45.472852,-122.67139,149799,24JAN2023:00:00:00,12.0,0.7
3232,244351226,244351274,37906,45.473565,-122.671467,149883,24JAN2023:00:00:00,12.0,0.8
3232,244351226,244351275,37981,45.480767,-122.673183,150684,24JAN2023:00:00:00,10.0,0.8
3232,244351334,244351350,42461,45.582903,-122.69719,170733,24JAN2023:00:00:00,12.0,0.7
3232,244351334,244351350,42466,45.58254,-122.697203,170773,24JAN2023:00:00:00,12.0,0.7
3232,244351334,244351356,42571,45.575427,-122.695523,171669,24JAN2023:00:00:00,12.0,0.9
3232,244351334,244351357,42606,45.571313,-122.695587,172121,24JAN2023:00:00:00,12.0,0.7
3232,244351334,244351358,42666,45.566552,-122.695618,172642,24JAN2023:00:00:00,12.0,0.7
3232,244351334,244351428,46434,45.389838,-122.64437,196017,24JAN2023:00:00:00,12.0,0.7
3232,244351448,244351481,49508,45.423362,-122.661352,213536,24JAN2023:00:00:00,10.0,1.1
3232,244351448,244351486,49643,45.442672,-122.655623,215869,24JAN2023:00:00:00,10.0,0.9
3232,244351448,244351491,49867,45.467423,-122.67004,218858,24JAN2023:00:00:00,12.0,0.8
3232,244351552,244351618,57296,45.471835,-122.671692,254739,24JAN2023:00:00:00,12.0,0.7
3232,244351668,244351698,61428,45.421055,-122.667765,282191,24JAN2023:00:00:00,12.0,0.9
3232,244351668,244351701,61612,45.419308,-122.662995,282717,24JAN2023:00:00:00,12.0,0.8
3232,244351668,244351703,61732,45.427698,-122.658373,283719,24JAN2023:00:00:00,12.0,1.0
3232,244351668,244351706,61807,45.437923,-122.652762,284947,24JAN2023:00:00:00,12.0,0.8
3232,244350911,244350980,21230,45.438027,-122.652805,49733,24JAN2023:00:00:00,8.0,0.9
3232,244350911,244350991,21671,45.411452,-122.664735,53599,24JAN2023:00:00:00,12.0,1.0
3232,244350911,244350988,21591,45.419413,-122.66451,52636,24JAN2023:00:00:00,12.0,0.7
4033,244247839,244247957,51617,45.577135,-122.690602,156422,24JAN2023:00:00:00,12.0,0.9
3232,244351552,244351588,55445,45.524002,-122.675445,248313,24JAN2023:00:00:00,11.0,1.4
4033,244248302,244248382,73403,45.580928,-122.661252,237021,24JAN2023:00:00:00,12.0,0.9
4033,244247712,244247713,41265,45.601815,-122.76353,101306,24JAN2023:00:00:00,12.0,0.8
3232,244351117,244351178,33108,45.477338,-122.672235,114778,24JAN2023:00:00:00,12.0,0.8
3232,244351872,244351912,73586,45.458202,-122.664947,356857,24JAN2023:00:00:00,8.0,1.1
3232,244351117,244351171,32783,45.498173,-122.671883,112359,24JAN2023:00:00:00,11.0,2.8
3232,244351018,244351114,29349,45.579075,-122.726645,97314,24JAN2023:00:00:00,11.0,1.0
3232,244351226,244351234,36550,45.368687,-122.618185,135277,24JAN2023:00:00:00,11.0,0.8
3232,244351226,244351292,38829,45.519238,-122.678588,155567,24JAN2023:00:00:00,12.0,1.1
3232,244351552,244351652,58676,45.377975,-122.634598,267202,24JAN2023:00:00:00,8.0,0.9
3232,244351872,244351954,76140,45.57264,-122.695517,371807,24JAN2023:00:00:00,12.0,0.7
3232,244351668,244351742,64072,45.546652,-122.682855,299172,24JAN2023:00:00:00,8.0,1.1
3232,244351772,244351866,70267,45.37068,-122.622823,338077,24JAN2023:00:00:00,9.0,0.9
3232,244351772,244351868,70327,45.36662,-122.614247,338881,24JAN2023:00:00:00,12.0,0.8
3232,244351772,244351812,67757,45.519693,-122.67711,318463,24JAN2023:00:00:00,12.0,0.7
3232,244351772,244351870,70432,45.361202,-122.609795,339622,24JAN2023:00:00:00,12.0,0.8
3232,244351872,244351915,73798,45.47445,-122.671557,358766,24JAN2023:00:00:00,12.0,0.8
3232,244351668,244351742,64143,45.555103,-122.692245,300364,24JAN2023:00:00:00,12.0,0.9
3232,244351978,244351980,76995,45.569923,-122.696287,379054,24JAN2023:00:00:00,12.0,0.7
3232,244351668,244351706,61827,45.440543,-122.653997,285252,24JAN2023:00:00:00,12.0,0.8
3232,244351772,244351869,70357,45.364585,-122.611228,339207,24JAN2023:00:00:00,12.0,0.8
3232,244351872,244351925,74302,45.504827,-122.678705,362458,24JAN2023:00:00:00,12.0,0.8
3232,244351552,244351554,53952,45.577777,-122.727527,237498,24JAN2023:00:00:00,12.0,0.8
3232,244351772,244351870,70482,45.359163,-122.609817,339884,24JAN2023:00:00:00,12.0,0.8
3232,244351872,244351927,74392,45.509692,-122.678062,362992,24JAN2023:00:00:00,12.0,0.8
3232,244351668,244351715,62308,45.484693,-122.674898,290454,24JAN2023:00:00:00,8.0,1.1
3232,244351552,244351620,57410,45.463932,-122.668813,255645,24JAN2023:00:00:00,10.0,1.2
3232,244351552,244351560,54067,45.584088,-122.718378,238645,24JAN2023:00:00:00,12.0,0.7
3232,244351552,244351620,57480,45.452503,-122.660017,257092,24JAN2023:00:00:00,12.0,0.8
3232,244351668,244351753,64841,45.583965,-122.697225,303701,24JAN2023:00:00:00,12.0,0.9
3232,244351668,244351719,62468,45.495972,-122.672902,291741,24JAN2023:00:00:00,12.0,0.8
3232,244351552,244351553,53917,45.576928,-122.728923,237323,24JAN2023:00:00:00,12.0,0.9
3232,244351668,244351750,64746,45.57806,-122.697253,303061,24JAN2023:00:00:00,12.0,0.7
3232,244351552,244351620,57396,45.466492,-122.669672,255374,24JAN2023:00:00:00,12.0,1.0
3232,244351772,244351821,68424,45.496608,-122.671925,321551,24JAN2023:00:00:00,10.0,0.8
3232,244351978,244351982,77170,45.566342,-122.678802,380738,24JAN2023:00:00:00,12.0,0.9
3232,244351872,244351873,72323,45.366618,-122.600605,342189,24JAN2023:00:00:00,12.0,0.9
3232,244351978,244351983,77255,45.547418,-122.678838,382798,24JAN2023:00:00:00,11.0,0.8
3232,244351978,244351984,77385,45.523028,-122.686173,385809,24JAN2023:00:00:00,11.0,0.8
3232,244351668,244351763,65156,45.584098,-122.718688,305351,24JAN2023:00:00:00,12.0,0.7
3232,244351772,244351830,68792,45.475767,-122.671893,323961,24JAN2023:00:00:00,12.0,0.8
3232,244351978,244351984,77380,45.523985,-122.686647,385697,24JAN2023:00:00:00,11.0,0.9
3232,244351772,244351831,68832,45.471642,-122.671733,324417,24JAN2023:00:00:00,12.0,0.7
3232,244351226,244351276,38041,45.483797,-122.674428,151035,24JAN2023:00:00:00,10.0,0.8
3232,244351772,244351820,68384,45.499078,-122.671818,321280,24JAN2023:00:00:00,8.0,1.2
3232,244351978,244351983,77265,45.545355,-122.677592,383049,24JAN2023:00:00:00,12.0,0.7
3232,244351226,244351285,38440,45.510233,-122.679455,154330,24JAN2023:00:00:00,12.0,0.9
3232,244351334,244351443,47021,45.36141,-122.603518,201837,24JAN2023:00:00:00,12.0,0.7
3232,244351334,244351369,43279,45.52762,-122.66929,177868,24JAN2023:00:00:00,11.0,0.8
3232,244351978,244351985,77440,45.515365,-122.692232,386933,24JAN2023:00:00:00,10.0,1.0
3232,244351334,244351446,47085,45.361108,-122.60381,201880,24JAN2023:00:00:00,12.0,1.2
3232,244351334,244351367,43018,45.535865,-122.674343,176668,24JAN2023:00:00:00,12.0,0.7
3232,244351226,244351282,38258,45.500523,-122.672512,152919,24JAN2023:00:00:00,12.0,0.7
4033,244247581,244247705,38243,45.593465,-122.758078,99897,24JAN2023:00:00:00,10.0,0.8
3232,244350911,244350940,19273,45.55122,-122.689113,35027,24JAN2023:00:00:00,8.0,1.0
3232,244351018,244351096,28841,45.576997,-122.695498,93799,24JAN2023:00:00:00,12.0,0.7
3232,244351334,244351377,44131,45.513667,-122.680412,179867,24JAN2023:00:00:00,12.0,1.4
3232,244351872,244351884,72692,45.387715,-122.641953,346959,24JAN2023:00:00:00,12.0,0.8
3232,244351018,244351056,26593,45.442253,-122.655277,76435,24JAN2023:00:00:00,10.0,0.9
4033,244247581,244247697,37913,45.586167,-122.735033,97814,24JAN2023:00:00:00,12.0,0.8
4033,244247993,244248102,59649,45.521027,-122.623093,184221,24JAN2023:00:00:00,11.0,0.9
3232,244351872,244351884,72677,45.386125,-122.640242,346740,24JAN2023:00:00:00,12.0,0.9
3232,244351018,244351026,25463,45.372178,-122.626,66294,24JAN2023:00:00:00,11.0,0.8
4033,244248302,244248336,72529,45.57936,-122.715673,232329,24JAN2023:00:00:00,12.0,0.7
4033,244248469,244248621,81957,45.577495,-122.710363,284175,24JAN2023:00:00:00,12.0,0.7
3232,244350911,244350966,20606,45.493128,-122.672618,43227,24JAN2023:00:00:00,12.0,0.8
4033,244247581,244247698,37968,45.586762,-122.737425,98011,24JAN2023:00:00:00,12.0,0.7
3232,244351018,244351059,26812,45.472738,-122.671383,80089,24JAN2023:00:00:00,9.0,0.9
3232,244351018,244351063,27057,45.487818,-122.675268,81784,24JAN2023:00:00:00,11.0,0.8
3232,244351018,244351070,27378,45.506697,-122.678663,84173,24JAN2023:00:00:00,10.0,0.8
3232,244351117,244351136,30799,45.579333,-122.697305,101414,24JAN2023:00:00:00,11.0,0.9
3232,244351226,244351256,37177,45.416438,-122.663473,141998,24JAN2023:00:00:00,12.0,0.8
3232,244351226,244351323,40203,45.584143,-122.715473,165788,24JAN2023:00:00:00,12.0,0.7
3232,244351226,244351327,40318,45.582647,-122.724033,166574,24JAN2023:00:00:00,10.0,0.9
3232,244351226,244351330,40373,45.579535,-122.726297,166956,24JAN2023:00:00:00,10.0,0.8
3232,244351334,244351335,41884,45.576747,-122.728475,167706,24JAN2023:00:00:00,12.0,0.8
3232,244351334,244351406,45552,45.442857,-122.655857,188572,24JAN2023:00:00:00,12.0,0.8
3232,244351448,244351467,48860,45.397338,-122.652368,209177,24JAN2023:00:00:00,12.0,0.7
3232,244351448,244351467,48870,45.397655,-122.65271,209228,24JAN2023:00:00:00,12.0,0.7
3232,244350911,244350981,21276,45.430623,-122.656177,50594,24JAN2023:00:00:00,7.0,1.2
3232,244351448,244351474,49080,45.417385,-122.663275,211793,24JAN2023:00:00:00,12.0,0.8
3232,244351018,244351078,27974,45.522655,-122.676602,86271,24JAN2023:00:00:00,7.0,0.9
3232,244351117,244351155,31715,45.52689,-122.672628,108441,24JAN2023:00:00:00,11.0,0.8
3232,244351117,244351158,31905,45.522282,-122.67576,109147,24JAN2023:00:00:00,11.0,1.4
3232,244351117,244351200,34148,45.40829,-122.66013,123878,24JAN2023:00:00:00,12.0,0.7
3232,244351117,244351207,34308,45.391847,-122.646573,126038,24JAN2023:00:00:00,12.0,0.7
3232,244351226,244351275,37961,45.4787,-122.672488,150454,24JAN2023:00:00:00,10.0,0.8
3232,244351334,244351353,42516,45.577338,-122.697268,171342,24JAN2023:00:00:00,12.0,0.7
3232,244351334,244351418,46086,45.413167,-122.664392,192822,24JAN2023:00:00:00,12.0,0.8
3232,244351448,244351482,49523,45.425305,-122.659795,213782,24JAN2023:00:00:00,10.0,0.9
3232,244351448,244351485,49618,45.439683,-122.653435,215500,24JAN2023:00:00:00,10.0,0.9
3232,244351448,244351486,49663,45.445593,-122.656842,216213,24JAN2023:00:00:00,10.0,0.9
3232,244351552,244351608,56891,45.496973,-122.671902,251845,24JAN2023:00:00:00,10.0,1.0
3232,244351552,244351614,57111,45.483395,-122.67438,253449,24JAN2023:00:00:00,12.0,0.7
3232,244351552,244351619,57322,45.471575,-122.671698,254765,24JAN2023:00:00:00,12.0,0.7
3232,244351772,244351815,67981,45.51115,-122.68165,319465,24JAN2023:00:00:00,11.0,0.7
3232,244351772,244351818,68204,45.50831,-122.676628,320046,24JAN2023:00:00:00,11.0,0.7
3232,244351772,244351818,68214,45.507813,-122.676597,320100,24JAN2023:00:00:00,11.0,1.0
3232,244351772,244351818,68244,45.507353,-122.675895,320190,24JAN2023:00:00:00,11.0,0.9
3232,244351772,244351869,70362,45.364388,-122.611072,339231,24JAN2023:00:00:00,12.0,0.8
3232,244351872,244351915,73793,45.473873,-122.671498,358703,24JAN2023:00:00:00,12.0,0.8
3232,244351872,244351918,73968,45.487828,-122.67527,360277,24JAN2023:00:00:00,9.0,1.0
3232,244351872,244351926,74352,45.509218,-122.678258,362941,24JAN2023:00:00:00,12.0,0.8
3232,244351872,244351973,76706,45.582002,-122.72448,375438,24JAN2023:00:00:00,12.0,0.7
3232,244351552,244351562,54127,45.584027,-122.713622,239011,24JAN2023:00:00:00,12.0,0.7
3232,244351552,244351629,57800,45.420588,-122.662722,260896,24JAN2023:00:00:00,12.0,0.9
3232,244351018,244351078,27929,45.521028,-122.677583,86076,24JAN2023:00:00:00,8.0,1.2
3232,244351117,244351149,31461,45.54498,-122.678375,105835,24JAN2023:00:00:00,11.0,0.8
3232,244351668,244351750,64761,45.579177,-122.69721,303175,24JAN2023:00:00:00,12.0,0.7
3232,244351772,244351830,68787,45.4763,-122.671968,323902,24JAN2023:00:00:00,12.0,0.7
3232,244351872,244351878,72557,45.37266,-122.627035,344896,24JAN2023:00:00:00,12.0,0.8
3232,244351668,244351715,62278,45.482295,-122.67371,290174,24JAN2023:00:00:00,9.0,1.1
3232,244351772,244351831,68827,45.472028,-122.671652,324373,24JAN2023:00:00:00,12.0,0.7
3232,244351552,244351627,57705,45.429313,-122.657745,259853,24JAN2023:00:00:00,11.0,1.1
3232,244351668,244351710,62038,45.470128,-122.671525,288830,24JAN2023:00:00:00,10.0,0.8
3232,244351872,244351880,72592,45.375917,-122.632018,345426,24JAN2023:00:00:00,12.0,0.8
3232,244351872,244351877,72504,45.370605,-122.622325,344465,24JAN2023:00:00:00,12.0,0.8
3232,244351872,244351931,74652,45.511508,-122.68275,363445,24JAN2023:00:00:00,12.0,2.7
3232,244351226,244351285,38410,45.509387,-122.678187,154165,24JAN2023:00:00:00,12.0,0.7
3232,244351772,244351831,68877,45.466687,-122.669873,324996,24JAN2023:00:00:00,12.0,0.9
3232,244351872,244351873,72379,45.363677,-122.607837,343042,24JAN2023:00:00:00,12.0,0.7
3232,244351978,244351983,77185,45.563227,-122.678782,381083,24JAN2023:00:00:00,12.0,0.8
3232,244351226,244351282,38305,45.503775,-122.677843,153490,24JAN2023:00:00:00,12.0,0.7
4033,244247712,244247792,44939,45.503937,-122.622695,123014,24JAN2023:00:00:00,12.0,0.8
3232,244351334,244351369,43284,45.527217,-122.670143,177947,24JAN2023:00:00:00,12.0,0.7
3232,244351334,244351362,42823,45.553065,-122.69115,174202,24JAN2023:00:00:00,11.0,1.3
3232,244351334,244351371,43399,45.523673,-122.67543,178698,24JAN2023:00:00:00,12.0,0.7
3232,244351448,244351501,50397,45.50409,-122.678722,223249,24JAN2023:00:00:00,12.0,0.8
3232,244351552,244351640,58250,45.403035,-122.658782,263838,24JAN2023:00:00:00,11.0,0.8
3232,244351552,244351632,57910,45.420077,-122.667933,261394,24JAN2023:00:00:00,12.0,0.7
3232,244351334,244351432,46634,45.379198,-122.635985,197381,24JAN2023:00:00:00,11.0,0.9
3232,244351334,244351363,42913,45.544867,-122.677967,175580,24JAN2023:00:00:00,12.0,0.7
3232,244351552,244351571,54373,45.579965,-122.697282,240710,24JAN2023:00:00:00,12.0,0.7
3232,244351552,244351633,57975,45.419237,-122.663442,261781,24JAN2023:00:00:00,12.0,0.8
3232,244351552,244351643,58345,45.396863,-122.652102,264693,24JAN2023:00:00:00,11.0,0.9
3232,244351018,244351086,28372,45.540467,-122.676942,89209,24JAN2023:00:00:00,11.0,0.8
3232,244350911,244351014,22253,45.364003,-122.605248,61429,24JAN2023:00:00:00,9.0,1.0
3232,244350911,244351014,22273,45.365197,-122.599977,61865,24JAN2023:00:00:00,9.0,1.0
3232,244351552,244351581,54841,45.554302,-122.692013,243699,24JAN2023:00:00:00,12.0,0.8
3232,244351018,244351088,28507,45.55401,-122.69174,91225,24JAN2023:00:00:00,11.0,1.0
3232,244351552,244351660,58920,45.364755,-122.611395,269521,24JAN2023:00:00:00,9.0,0.9
3232,244351552,244351582,54967,45.541428,-122.677298,245619,24JAN2023:00:00:00,12.0,0.8
3232,244351552,244351656,58746,45.371612,-122.624965,268218,24JAN2023:00:00:00,9.0,1.1
3232,244351668,244351729,63117,45.514813,-122.680923,294365,24JAN2023:00:00:00,8.0,1.0
3232,244351772,244351781,66390,45.584065,-122.717637,308355,24JAN2023:00:00:00,12.0,0.9
3232,244351448,244351505,50713,45.510715,-122.681672,224178,24JAN2023:00:00:00,11.0,1.2
3232,244351552,244351663,59030,45.362162,-122.609607,269840,24JAN2023:00:00:00,12.0,0.8
3232,244351772,244351780,66331,45.584077,-122.720587,308130,24JAN2023:00:00:00,12.0,0.8
3232,244351872,244351945,75682,45.535687,-122.673978,367083,24JAN2023:00:00:00,12.0,0.8
3232,244350911,244351015,22335,45.362493,-122.602468,62283,24JAN2023:00:00:00,9.0,1.0
3232,244351872,244351883,72662,45.38446,-122.63907,346532,24JAN2023:00:00:00,12.0,1.0
3232,244351772,244351774,66111,45.576958,-122.7301,306853,24JAN2023:00:00:00,11.0,0.9
3232,244351018,244351100,28941,45.583358,-122.6972,94612,24JAN2023:00:00:00,12.0,0.8
3232,244351018,244351020,25152,45.360162,-122.60544,62835,24JAN2023:00:00:00,12.0,0.7
3232,244351772,244351840,69232,45.425602,-122.659645,329959,24JAN2023:00:00:00,10.0,0.9
3232,244351018,244351099,28931,45.58252,-122.69723,94520,24JAN2023:00:00:00,12.0,0.8
3232,244351978,244351987,77777,45.5105,-122.783987,394749,24JAN2023:00:00:00,12.0,0.8
3232,244350911,244351016,22364,45.360787,-122.603305,62522,24JAN2023:00:00:00,9.0,1.9
3232,244351117,244351165,32454,45.509125,-122.676597,110944,24JAN2023:00:00:00,11.0,0.8
3232,244351018,244351105,29086,45.584043,-122.708942,95582,24JAN2023:00:00:00,12.0,0.7
3232,244351117,244351166,32509,45.507535,-122.676582,111119,24JAN2023:00:00:00,11.0,0.9
3232,244351226,244351230,36281,45.361703,-122.603067,132799,24JAN2023:00:00:00,11.0,0.8
3232,244351117,244351170,32694,45.501795,-122.671948,111959,24JAN2023:00:00:00,12.0,0.7
3232,244351226,244351300,39486,45.535577,-122.67389,158282,24JAN2023:00:00:00,12.0,0.7
3232,244351226,244351298,39266,45.527482,-122.669223,156956,24JAN2023:00:00:00,11.0,0.8
3232,244351772,244351796,66795,45.576672,-122.695498,310842,24JAN2023:00:00:00,12.0,0.8
3232,244351334,244351385,44521,45.507222,-122.674408,180999,24JAN2023:00:00:00,9.0,0.8
3232,244351872,244351911,73531,45.450292,-122.658762,355861,24JAN2023:00:00:00,8.0,1.1
3232,244351872,244351953,76097,45.570295,-122.695502,371551,24JAN2023:00:00:00,12.0,0.7
3232,244351872,244351958,76290,45.579783,-122.697215,372710,24JAN2023:00:00:00,12.0,0.7
3232,244351978,244351991,78171,45.506432,-122.841315,401112,24JAN2023:00:00:00,12.0,0.7
3232,244351668,244351671,60545,45.363527,-122.608968,273675,24JAN2023:00:00:00,12.0,0.7
3232,244351872,244351914,73688,45.46648,-122.669498,357852,24JAN2023:00:00:00,10.0,1.3
3232,244351772,244351800,67010,45.563585,-122.695647,312281,24JAN2023:00:00:00,12.0,0.8
3232,244351668,244351673,60634,45.366505,-122.613775,274199,24JAN2023:00:00:00,10.0,0.8
3232,244351018,244351044,26117,45.417872,-122.663152,72455,24JAN2023:00:00:00,11.0,0.8
3232,244351552,244351666,59265,45.360058,-122.604055,271675,24JAN2023:00:00:00,12.0,0.9
3232,244350890,244350898,16052,,,15458,24JAN2023:00:00:00,7.0,4.1
3232,244350890,244350896,15847,45.50558,-122.758292,9976,24JAN2023:00:00:00,11.0,0.8
3232,244350911,244350952,19955,45.521125,-122.676395,39563,24JAN2023:00:00:00,9.0,1.7
3232,244350911,244350946,19626,45.526895,-122.672068,38677,24JAN2023:00:00:00,12.0,0.8
3232,244350890,244350901,16332,45.573527,-122.678562,22773,24JAN2023:00:00:00,8.0,1.3
3232,244350911,244350960,20330,45.507852,-122.676608,41357,24JAN2023:00:00:00,9.0,0.8
3232,244351018,244351046,26237,45.420242,-122.667983,73237,24JAN2023:00:00:00,11.0,0.8
3232,244350911,244350961,20401,45.506148,-122.673738,41728,24JAN2023:00:00:00,12.0,1.3
3232,244351117,244351181,33218,45.471032,-122.671785,115476,24JAN2023:00:00:00,9.0,0.9
3232,244351018,244351050,26443,45.420933,-122.662458,73865,24JAN2023:00:00:00,11.0,0.9
3232,244351448,244351450,48380,45.365058,-122.602645,203513,24JAN2023:00:00:00,12.0,0.7
3232,244351226,244351308,39776,45.568062,-122.695573,162527,24JAN2023:00:00:00,12.0,0.7
3232,244351018,244351111,29280,45.582835,-122.723955,96849,24JAN2023:00:00:00,12.0,0.8
3232,244351226,244351231,36460,45.363577,-122.610202,134429,24JAN2023:00:00:00,11.0,0.8
4033,244247458,244247571,31576,45.45195,-122.629852,67506,24JAN2023:00:00:00,10.0,0.9
4033,244247458,244247489,27952,45.577175,-122.674948,45272,24JAN2023:00:00:00,9.0,0.8
4033,244247712,244247774,43954,45.53407,-122.620337,119265,24JAN2023:00:00:00,12.0,0.9
3232,244351668,244351733,63408,45.521492,-122.677415,295147,24JAN2023:00:00:00,12.0,0.8
3232,244351552,244351599,56285,45.510527,-122.68103,249919,24JAN2023:00:00:00,10.0,0.8
4033,244247335,244247394,22656,45.53325,-122.620495,18790,24JAN2023:00:00:00,10.0,1.5
4033,244247839,244247930,50393,45.553718,-122.620383,147601,24JAN2023:00:00:00,12.0,0.8
3232,244351226,244351241,36680,45.381465,-122.637222,137370,24JAN2023:00:00:00,11.0,0.8
4033,244247581,244247686,37504,45.57719,-122.701188,94950,24JAN2023:00:00:00,12.0,0.8
3232,244351448,244351522,51857,45.540838,-122.677107,228617,24JAN2023:00:00:00,8.0,1.1
4033,244247335,244247410,23206,45.559595,-122.620412,21876,24JAN2023:00:00:00,11.0,0.8
3232,244351018,244351056,26603,45.4436,-122.656342,76605,24JAN2023:00:00:00,10.0,0.8
4033,244247839,244247947,51122,45.577868,-122.661377,154092,24JAN2023:00:00:00,12.0,0.7
4033,244247581,244247672,36853,45.581038,-122.660978,91410,24JAN2023:00:00:00,12.0,0.8
4033,244247712,244247788,44728,45.512482,-122.62296,122065,24JAN2023:00:00:00,12.0,0.8
3232,244350911,244350926,18743,45.583993,-122.70191,30821,24JAN2023:00:00:00,11.0,0.8
3232,244351018,244351113,29339,45.579993,-122.725952,97199,24JAN2023:00:00:00,12.0,0.7
3232,244351117,244351119,30203,45.576795,-122.728315,98013,24JAN2023:00:00:00,11.0,1.3
3232,244351018,244351115,29374,45.57681,-122.72836,97595,24JAN2023:00:00:00,11.0,0.8
3232,244351018,244351110,29236,45.584078,-122.721563,96554,24JAN2023:00:00:00,12.0,0.7
3232,244351117,244351171,32808,45.497007,-122.67191,112487,24JAN2023:00:00:00,12.0,0.8
3232,244351018,244351059,26667,45.453268,-122.660447,77730,24JAN2023:00:00:00,8.0,0.9
3232,244351226,244351231,36440,45.363567,-122.608708,134309,24JAN2023:00:00:00,11.0,0.8
3232,244351226,244351312,39941,45.579005,-122.697237,163846,24JAN2023:00:00:00,12.0,0.8
3232,244351334,244351401,45395,45.466023,-122.669627,185762,24JAN2023:00:00:00,10.0,1.0
3232,244351334,244351397,45170,45.477743,-122.672377,184442,24JAN2023:00:00:00,12.0,0.6
3232,244351448,244351520,51757,45.53474,-122.673238,227838,24JAN2023:00:00:00,12.0,0.9
3232,244351226,244351311,39921,45.577215,-122.697137,163643,24JAN2023:00:00:00,12.0,0.8
3232,244350911,244350968,20696,45.487777,-122.675475,43876,24JAN2023:00:00:00,11.0,0.8
3232,244350911,244350971,20790,45.47748,-122.672272,45045,24JAN2023:00:00:00,12.0,0.8
3232,244350911,244350975,21105,45.455182,-122.662312,47695,24JAN2023:00:00:00,10.0,0.9
3232,244350911,244350970,20735,45.483275,-122.674297,44389,24JAN2023:00:00:00,11.0,0.8
3232,244351117,244351147,31326,45.561078,-122.695065,103548,24JAN2023:00:00:00,11.0,0.8
3232,244350911,244350978,21170,45.44582,-122.656803,48815,24JAN2023:00:00:00,10.0,0.9
3232,244351117,244351196,34003,45.417765,-122.663415,122614,24JAN2023:00:00:00,12.0,0.6
3232,244351226,244351254,37117,45.410567,-122.664242,141348,24JAN2023:00:00:00,12.0,0.8
3232,244351226,244351254,37142,45.412658,-122.66431,141589,24JAN2023:00:00:00,12.0,0.8
3232,244351226,244351327,40293,45.584283,-122.722862,166375,24JAN2023:00:00:00,12.0,1.0
3232,244351334,244351336,41909,45.57891,-122.726687,167988,24JAN2023:00:00:00,12.0,1.7
3232,244351334,244351406,45557,45.442223,-122.655368,188651,24JAN2023:00:00:00,12.0,0.7
3232,244351334,244351413,45797,45.420798,-122.665083,191436,24JAN2023:00:00:00,12.0,0.8
3232,244351334,244351415,45936,45.419977,-122.667957,191760,24JAN2023:00:00:00,12.0,0.7
3232,244350911,244350980,21245,45.435847,-122.653468,49996,24JAN2023:00:00:00,9.0,0.9
3232,244351117,244351131,30654,45.58397,-122.702962,100470,24JAN2023:00:00:00,11.0,0.9
3232,244350911,244350972,20835,45.473133,-122.67161,45523,24JAN2023:00:00:00,12.0,0.8
3232,244351117,244351137,30824,45.578787,-122.697302,101473,24JAN2023:00:00:00,11.0,0.9
3232,244351552,244351617,57236,45.476475,-122.671982,254233,24JAN2023:00:00:00,12.0,0.8
3232,244351552,244351615,57176,45.478498,-122.672605,254006,24JAN2023:00:00:00,12.0,0.7
3232,244351772,244351779,66271,45.582762,-122.723832,307763,24JAN2023:00:00:00,12.0,0.8
3232,244351772,244351782,66415,45.58409,-122.716652,308431,24JAN2023:00:00:00,12.0,0.8
3232,244351772,244351834,69057,45.449272,-122.65832,327138,24JAN2023:00:00:00,10.0,0.8
3232,244351772,244351837,69142,45.438072,-122.652798,328466,24JAN2023:00:00:00,11.0,0.8
3232,244351772,244351841,69291,45.421977,-122.662342,330407,24JAN2023:00:00:00,11.0,0.7
3232,244351772,244351843,69401,45.420987,-122.667792,330960,24JAN2023:00:00:00,12.0,0.7
3232,244351772,244351844,69551,45.420022,-122.667952,331064,24JAN2023:00:00:00,12.0,0.8
3232,244351668,244351768,65300,45.580477,-122.725608,306156,24JAN2023:00:00:00,12.0,0.7
3232,244350911,244350984,21346,45.421415,-122.662543,51738,24JAN2023:00:00:00,12.0,0.7
3232,244350911,244350992,21710,45.409573,-122.662645,53887,24JAN2023:00:00:00,12.0,0.8
3232,244351018,244351074,27610,45.512938,-122.68195,85126,24JAN2023:00:00:00,10.0,1.1
3232,244351018,244351078,27969,45.522627,-122.676617,86268,24JAN2023:00:00:00,8.0,0.9
3232,244351117,244351155,31710,45.526877,-122.671793,108377,24JAN2023:00:00:00,11.0,0.8
3232,244351117,244351159,31945,45.521333,-122.67618,109257,24JAN2023:00:00:00,11.0,0.9
3232,244351117,244351207,34318,45.391128,-122.645792,126140,24JAN2023:00:00:00,12.0,0.6
3232,244351117,244351210,34405,45.384005,-122.639068,127092,24JAN2023:00:00:00,12.0,0.7
3232,244351226,244351266,37576,45.44141,-122.65459,146028,24JAN2023:00:00:00,12.0,0.7
3232,244351334,244351346,42322,45.583998,-122.705558,169974,24JAN2023:00:00:00,12.0,0.7
3232,244351334,244351357,42601,45.57192,-122.695603,172054,24JAN2023:00:00:00,12.0,0.7
3232,244351334,244351421,46251,45.404343,-122.65998,194021,24JAN2023:00:00:00,12.0,0.7
3232,244351334,244351427,46391,45.392395,-122.647162,195670,24JAN2023:00:00:00,12.0,0.7
3232,244351334,244351430,46494,45.388588,-122.642998,196188,24JAN2023:00:00:00,12.0,0.8
3232,244351448,244351486,49638,45.442042,-122.655135,215790,24JAN2023:00:00:00,10.0,0.9
3232,244351448,244351527,52208,45.565813,-122.695595,231943,24JAN2023:00:00:00,12.0,0.7
3232,244351448,244351535,52662,45.584003,-122.69724,234053,24JAN2023:00:00:00,12.0,3.0
3232,244351448,244351537,52697,45.58404,-122.70197,234423,24JAN2023:00:00:00,12.0,0.8
3232,244351448,244351539,52745,45.584033,-122.70783,234870,24JAN2023:00:00:00,12.0,0.9
3232,244351117,244351156,31795,45.524942,-122.675432,108853,24JAN2023:00:00:00,10.0,1.3
3232,244350911,244350919,18533,45.584108,-122.716617,29686,24JAN2023:00:00:00,12.0,0.7
3232,244350911,244350918,18528,45.584103,-122.717245,29638,24JAN2023:00:00:00,12.0,0.7
3232,244351668,244351707,61867,45.444232,-122.656798,285714,24JAN2023:00:00:00,12.0,0.8
3232,244351668,244351709,61907,45.450163,-122.658722,286392,24JAN2023:00:00:00,11.0,1.8
3232,244351772,244351814,67921,45.51451,-122.6799,319073,24JAN2023:00:00:00,11.0,1.0
3232,244351668,244351745,64367,45.56531,-122.69562,301537,24JAN2023:00:00:00,12.0,1.0
3232,244351772,244351817,68114,45.509712,-122.677943,319831,24JAN2023:00:00:00,9.0,0.8
3232,244351772,244351870,70497,45.358273,-122.608912,340004,24JAN2023:00:00:00,12.0,0.8
3232,244351872,244351917,73928,45.483133,-122.674078,359742,24JAN2023:00:00:00,12.0,0.8
3232,244351872,244351923,74192,45.49851,-122.672802,361495,24JAN2023:00:00:00,12.0,0.8
3232,244351872,244351968,76551,45.584065,-122.713877,374453,24JAN2023:00:00:00,12.0,0.7
3232,244351448,244351550,53020,45.577475,-122.727837,236871,24JAN2023:00:00:00,12.0,0.8
3232,244351668,244351715,62283,45.482827,-122.673933,290234,24JAN2023:00:00:00,9.0,1.1
3232,244351668,244351749,64675,45.577,-122.6955,302821,24JAN2023:00:00:00,12.0,0.7
3232,244351978,244351979,76886,45.575275,-122.712297,377565,24JAN2023:00:00:00,12.0,0.7
3232,244351668,244351762,65136,45.584118,-122.716745,305201,24JAN2023:00:00:00,12.0,0.7
3232,244351552,244351557,53987,45.581823,-122.724483,237998,24JAN2023:00:00:00,12.0,0.7
3232,244351668,244351748,64615,45.574595,-122.695497,302562,24JAN2023:00:00:00,12.0,0.7
3232,244351552,244351620,57465,45.454585,-122.661747,256824,24JAN2023:00:00:00,9.0,1.1
3232,244351552,244351558,53997,45.582723,-122.72382,238108,24JAN2023:00:00:00,12.0,0.7
3232,244351668,244351757,64956,45.584042,-122.70737,304480,24JAN2023:00:00:00,12.0,0.7
3232,244351872,244351945,75692,45.536928,-122.674462,367225,24JAN2023:00:00:00,12.0,0.9
3232,244351872,244351948,75777,45.544513,-122.677332,368138,24JAN2023:00:00:00,12.0,0.7
3232,244351872,244351946,75727,45.539905,-122.675948,367597,24JAN2023:00:00:00,12.0,0.9
3232,244351018,244351093,28736,45.56959,-122.69553,92990,24JAN2023:00:00:00,12.0,0.7
3232,244351018,244351096,28826,45.576137,-122.695487,93702,24JAN2023:00:00:00,12.0,0.7
3232,244351018,244351096,28856,45.577218,-122.696368,93878,24JAN2023:00:00:00,12.0,0.7
3232,244351117,244351160,32088,45.516775,-122.678688,109796,24JAN2023:00:00:00,10.0,1.6
3232,244351117,244351170,32679,45.502815,-122.672558,111838,24JAN2023:00:00:00,11.0,0.8
3232,244351226,244351298,39256,45.526792,-122.670637,156822,24JAN2023:00:00:00,11.0,0.7
3232,244351334,244351387,44640,45.499685,-122.671808,181902,24JAN2023:00:00:00,10.0,1.0
3232,244351772,244351785,66495,45.584012,-122.708535,309055,24JAN2023:00:00:00,12.0,0.8
3232,244351772,244351791,66645,45.58285,-122.697215,310049,24JAN2023:00:00:00,12.0,0.8
3232,244351772,244351798,66900,45.570095,-122.695598,311562,24JAN2023:00:00:00,12.0,0.8
3232,244351772,244351800,67020,45.562908,-122.69569,312351,24JAN2023:00:00:00,12.0,0.8
3232,244351772,244351802,67130,45.55614,-122.692898,313140,24JAN2023:00:00:00,12.0,0.8
3232,244351772,244351847,69706,45.41596,-122.663755,331829,24JAN2023:00:00:00,12.0,0.8
3232,244351772,244351858,70006,45.388478,-122.642892,335510,24JAN2023:00:00:00,12.0,0.8
3232,244351772,244351860,70117,45.378955,-122.635685,336716,24JAN2023:00:00:00,9.0,0.9
3232,244351018,244351093,28731,45.569177,-122.69555,92949,24JAN2023:00:00:00,12.0,0.7
3232,244351018,244351023,25368,45.36714,-122.615378,65293,24JAN2023:00:00:00,11.0,0.8
3232,244351978,244351986,77642,45.508837,-122.739633,391179,24JAN2023:00:00:00,12.0,0.7
3232,244351978,244351987,77882,45.52249,-122.814545,397448,24JAN2023:00:00:00,12.0,0.7
3232,244351872,244351948,75802,45.545328,-122.67939,368338,24JAN2023:00:00:00,12.0,0.7
3232,244351978,244351987,77867,45.520937,-122.81142,397156,24JAN2023:00:00:00,12.0,0.7
3232,244351018,244351021,25288,45.36445,-122.604793,64283,24JAN2023:00:00:00,9.0,0.8
3232,244351772,244351820,68374,45.500053,-122.671762,321174,24JAN2023:00:00:00,10.0,1.0
3232,244351772,244351822,68454,45.495587,-122.671965,321662,24JAN2023:00:00:00,11.0,0.8
3232,244351772,244351826,68604,45.486482,-122.675682,322756,24JAN2023:00:00:00,12.0,0.8
3232,244351872,244351873,72293,45.363713,-122.601128,341864,24JAN2023:00:00:00,12.0,0.7
3232,244351872,244351936,74952,45.520113,-122.678185,364451,24JAN2023:00:00:00,12.0,0.8
3232,244351978,244351981,77140,45.569862,-122.68013,380299,24JAN2023:00:00:00,12.0,0.7
3232,244351978,244351983,77180,45.564323,-122.678805,380962,24JAN2023:00:00:00,12.0,0.8
3232,244351978,244351983,77285,45.541827,-122.678218,383484,24JAN2023:00:00:00,12.0,0.7
3232,244351226,244351278,38113,45.48988,-122.673655,151753,24JAN2023:00:00:00,10.0,0.8
3232,244351226,244351279,38133,45.49266,-122.672927,152052,24JAN2023:00:00:00,7.0,1.9
3232,244351226,244351285,38405,45.508935,-122.678413,154112,24JAN2023:00:00:00,12.0,0.8
3232,244351226,244351287,38509,45.510762,-122.681708,154513,24JAN2023:00:00:00,12.0,1.6
3232,244351226,244351289,38649,45.51275,-122.68206,154804,24JAN2023:00:00:00,12.0,0.8
3232,244351872,244351932,74707,45.512897,-122.68192,363609,24JAN2023:00:00:00,12.0,1.0
3232,244350911,244350975,21100,45.455908,-122.662977,47599,24JAN2023:00:00:00,11.0,0.9
3232,244351018,244351062,27002,45.484395,-122.67473,81396,24JAN2023:00:00:00,11.0,0.8
3232,244351018,244351071,27408,45.509762,-122.678092,84513,24JAN2023:00:00:00,11.0,0.8
3232,244351117,244351140,30954,45.577108,-122.697185,101660,24JAN2023:00:00:00,11.0,1.1
3232,244351117,244351195,33943,45.41953,-122.66575,122254,24JAN2023:00:00:00,12.0,0.7
3232,244351117,244351199,34078,45.411317,-122.664745,123327,24JAN2023:00:00:00,10.0,0.9
3232,244351226,244351253,37056,45.408765,-122.660073,140947,24JAN2023:00:00:00,12.0,0.8
3232,244351226,244351328,40338,45.582633,-122.72404,166575,24JAN2023:00:00:00,10.0,0.9
3232,244351334,244351338,41934,45.581407,-122.724843,168295,24JAN2023:00:00:00,12.0,0.8
3232,244351334,244351339,41990,45.58349,-122.723305,168549,24JAN2023:00:00:00,12.0,0.7
3232,244351334,244351342,42062,45.584102,-122.716358,169140,24JAN2023:00:00:00,12.0,0.7
3232,244351334,244351406,45562,45.441575,-122.654877,188732,24JAN2023:00:00:00,12.0,1.0
3232,244351334,244351416,45992,45.419273,-122.663533,192130,24JAN2023:00:00:00,11.0,0.8
3232,244351448,244351466,48830,45.39424,-122.649077,208766,24JAN2023:00:00:00,12.0,0.7
3232,244351448,244351472,49030,45.413165,-122.6642,211324,24JAN2023:00:00:00,12.0,0.8
3232,244351448,244351475,49107,45.419947,-122.662777,212077,24JAN2023:00:00:00,12.0,0.8
3232,244351018,244351072,27458,45.510265,-122.679698,84652,24JAN2023:00:00:00,11.0,0.8
3232,244351018,244351072,27473,45.510595,-122.681212,84775,24JAN2023:00:00:00,10.0,0.8
3232,244351018,244351078,27939,45.521557,-122.677298,86138,24JAN2023:00:00:00,7.0,1.3
3232,244351018,244351081,28119,45.525133,-122.675022,86658,24JAN2023:00:00:00,7.0,1.3
3232,244351018,244351082,28144,45.525265,-122.67165,86916,24JAN2023:00:00:00,6.0,1.4
3232,244351117,244351150,31491,45.544892,-122.678053,105865,24JAN2023:00:00:00,11.0,0.8
3232,244351117,244351153,31566,45.536727,-122.674677,106879,24JAN2023:00:00:00,11.0,0.8
3232,244351117,244351154,31601,45.531645,-122.670593,107524,24JAN2023:00:00:00,11.0,0.8
3232,244351117,244351204,34248,45.396863,-122.6521,125342,24JAN2023:00:00:00,12.0,0.6
3232,244351226,244351271,37771,45.464132,-122.66866,148794,24JAN2023:00:00:00,11.0,0.8
3232,244351226,244351274,37926,45.476123,-122.671742,150165,24JAN2023:00:00:00,12.0,0.7
3232,244351334,244351419,46111,45.411815,-122.664662,192977,24JAN2023:00:00:00,12.0,0.7
3232,244351334,244351420,46186,45.409347,-122.660863,193443,24JAN2023:00:00:00,12.0,0.7
3232,244351334,244351423,46291,45.399513,-122.655007,194678,24JAN2023:00:00:00,12.0,0.7
3232,244351334,244351430,46519,45.38706,-122.641407,196402,24JAN2023:00:00:00,12.0,0.7
3232,244351448,244351483,49563,45.43122,-122.655658,214522,24JAN2023:00:00:00,10.0,0.9
3232,244351552,244351611,56991,45.493087,-122.672747,252310,24JAN2023:00:00:00,11.0,1.0
3232,244351448,244351488,49693,45.450283,-122.658773,216756,24JAN2023:00:00:00,10.0,0.9
3232,244351018,244351061,26927,45.480743,-122.673173,80976,24JAN2023:00:00:00,10.0,0.8
3232,244350911,244350971,20765,45.480248,-122.67317,44733,24JAN2023:00:00:00,11.0,0.8
3232,244351018,244351066,27167,45.495917,-122.672905,82716,24JAN2023:00:00:00,11.0,0.8
3232,244350911,244350920,18578,45.58403,-122.713708,29910,24JAN2023:00:00:00,12.0,0.8
3232,244351448,244351482,49518,45.42463,-122.660343,213697,24JAN2023:00:00:00,10.0,0.9
3232,244351334,244351424,46311,45.397283,-122.652568,194988,24JAN2023:00:00:00,12.0,0.7
3232,244351448,244351535,52667,45.584073,-122.6976,234085,24JAN2023:00:00:00,12.0,1.0
3232,244351334,244351432,46609,45.382433,-122.638042,196988,24JAN2023:00:00:00,12.0,0.9
3232,244351334,244351432,46619,45.381057,-122.637177,197156,24JAN2023:00:00:00,12.0,0.8
3232,244351334,244351442,46919,45.363732,-122.606448,200752,24JAN2023:00:00:00,12.0,0.7
3232,244351334,244351443,46981,45.3643,-122.600733,201449,24JAN2023:00:00:00,12.0,0.7
3232,244351448,244351499,50277,45.497612,-122.672852,222270,24JAN2023:00:00:00,12.0,0.9
3232,244351448,244351500,50342,45.502537,-122.675895,222955,24JAN2023:00:00:00,12.0,0.8
3232,244351872,244351909,73501,45.445898,-122.656818,355352,24JAN2023:00:00:00,8.0,1.1
3232,244351872,244351961,76391,45.584045,-122.700465,373421,24JAN2023:00:00:00,12.0,0.7
3232,244351552,244351664,59190,45.363512,-122.601563,271205,24JAN2023:00:00:00,11.0,0.9
3232,244351668,244351671,60375,45.36057,-122.604607,271976,24JAN2023:00:00:00,12.0,0.7
3232,244351668,244351671,60555,45.363455,-122.609757,273733,24JAN2023:00:00:00,9.0,1.0
3232,244351668,244351671,60405,45.36179,-122.60297,272156,24JAN2023:00:00:00,12.0,0.7
3232,244350911,244350946,19636,45.526907,-122.67317,38762,24JAN2023:00:00:00,12.0,0.8
3232,244350911,244350950,19805,45.52401,-122.675437,39233,24JAN2023:00:00:00,10.0,1.4
3232,244351018,244351031,25568,45.382015,-122.637553,67731,24JAN2023:00:00:00,11.0,0.8
3232,244351018,244351032,25607,45.386508,-122.640637,68289,24JAN2023:00:00:00,11.0,0.8
3232,244350890,244350906,16727,45.58232,-122.723518,27112,24JAN2023:00:00:00,10.0,0.9
3232,244350911,244350954,20100,45.514255,-122.680112,40375,24JAN2023:00:00:00,9.0,1.5
3232,244350911,244350954,20105,45.513833,-122.680383,40425,24JAN2023:00:00:00,8.0,1.5
3232,244350911,244350955,20135,45.512722,-122.68084,40555,24JAN2023:00:00:00,7.0,1.5
3232,244350911,244350964,20521,45.498077,-122.671887,42650,24JAN2023:00:00:00,11.0,1.0
3232,244351018,244351046,26222,45.421085,-122.667687,73147,24JAN2023:00:00:00,11.0,2.6
3232,244351018,244351058,26638,45.44863,-122.657908,77182,24JAN2023:00:00:00,9.0,0.9
3232,244351018,244351112,29319,45.58169,-122.724712,96990,24JAN2023:00:00:00,12.0,0.7
3232,244350890,244350900,16222,45.54702,-122.678183,19845,24JAN2023:00:00:00,9.0,1.0
3232,244350890,244350896,15827,45.505715,-122.764765,9473,24JAN2023:00:00:00,11.0,0.8
3232,244350890,244350897,15862,45.505897,-122.753653,10338,24JAN2023:00:00:00,11.0,0.8
